"Gene","Mean","SD","Range"
"TGME49_500389",-1.78531957735946e-16,1,1.99999381591579
"TGME49_500167",-1.50342701251323e-17,1,1.99997080169032
"TGME49_262950",8.99743242873304e-16,1,1.99996513403659
"TGME49_268930",-3.63135447637812e-16,1,1.99996476804833
"TGME49_205420",9.83009969720191e-17,1,1.99994842677814
"TGME49_310260",-1.85037170770859e-16,1,1.99993043669858
"TGME49_315540",-4.62592926927149e-18,1,1.99992099742634
"TGME49_314250",1.26634813746307e-15,1,1.99988422160294
"TGME49_224680",-2.96059473233375e-16,1,1.99988187730937
"TGME49_215785",-6.93889390390723e-18,1,1.99987087071389
"TGME49_280580",-1.96601993944038e-17,1,1.99980073125323
"TGME49_203340",-3.86265093984169e-16,1,1.99975889775675
"TGME49_229915",5.08852219619863e-17,1,1.99971917760438
"TGME49_205430",2.10595429983584e-15,1,1.99967018083442
"TGME49_321470",1.04083408558608e-16,1,1.9996108125044
"TGME49_500439",-6.12935628178472e-17,1,1.99956444668466
"TGME49_269315",-9.25185853854297e-18,1,1.99950799982668
"TGME49_258910",6.36065274524829e-17,1,1.99948107747253
"TGME49_239880",2.53269627492614e-16,1,1.9994502178923
"TGME49_220070",7.28583859910259e-17,1,1.99944660541966
"TGME49_293420",-5.20417042793042e-17,1,1.99940387664724
"TGME49_500009",-2.76399273838971e-16,1,1.99928632219354
"TGME49_202020",7.81782046506881e-15,1,1.99923799053482
"TGME49_204300",-4.11707704965162e-16,1,1.99920480929027
"TGME49_500296",-1.85037170770859e-17,1,1.99912939663714
"TGME49_263520",-3.40005801291454e-16,1,1.99910660626688
"TGME49_230830",-1.94289029309402e-16,1,1.99908251645209
"TGME49_208810",4.37150315946155e-16,1,1.9990148413562
"TGME49_500383",-4.07081775695891e-16,1,1.99895543826295
"TGME49_212275",-8.67361737988404e-16,1,1.9989371979371
"TGME49_289930",4.39463280580791e-17,1,1.99886390951361
"TGME49_330000",-9.94574792893369e-17,1,1.99884292672942
"TGME49_297070",-3.93203987888076e-16,1,1.99876916167803
"TGME49_315480",7.86407975776153e-17,1,1.99863149722591
"TGME49_269340",-9.25185853854297e-18,1,1.99855388023506
"TGME49_272200",-9.48315500200654e-16,1,1.99846378071638
"TGME49_500108",-2.83338167742878e-15,1,1.9984601107766
"TGME49_311370",6.61507885505822e-16,1,1.99841423092745
"TGME49_265205",-8.23415409930324e-16,1,1.99836308860684
"TGME49_207130",-6.108539600073e-15,1,1.99825916182747
"TGME49_258580",-5.94431911101386e-16,1,1.99819403070854
"TGME49_269310",-1.72084568816899e-15,1,1.99811994921436
"TGME49_294980",-9.94574792893369e-17,1,1.99790973563808
"TGME49_235000",1.23281015026085e-15,1,1.99783568589873
"TGME49_259020",-3.70074341541719e-17,1,1.99772243675513
"TGME49_205140",4.62592926927149e-17,1,1.9976951481822
"TGME49_500391",1.61907524424502e-16,1,1.9975552894467
"TGME49_230135",-2.47487215906024e-16,1,1.997518419585
"TGME49_231880",6.47630097698008e-17,1,1.99745983622408
"TGME49_226230",1.36464913443509e-16,1,1.9972378208165
"TGME49_500421",-4.62592926927149e-17,1,1.99723702394869
"TGME49_294570",3.02998367137282e-16,1,1.9971500360066
"TGME49_222700",-4.62592926927149e-17,1,1.99704254222361
"TGME49_265050",-1.11022302462516e-16,1,1.99699354023361
"TGME49_320190",-1.84574577843932e-15,1,1.99684577806362
"TGME49_271050",-4.62592926927149e-18,1,1.99674187523749
"TGME49_268940",-6.01370805005293e-17,1,1.99673211758536
"TGME49_306500",9.25185853854297e-18,1,1.99672889034369
"TGME49_228220",-1.85037170770859e-17,1,1.99670961506205
"TGME49_287510",-1.85037170770859e-17,1,1.99665012665734
"TGME49_275590",2.72929826887018e-16,1,1.99661690823822
"TGME49_319390",9.25185853854297e-18,1,1.99645120969537
"TGME49_500206",2.00765330286382e-15,1,1.99627323955023
"TGME49_500363",-2.63677968348475e-16,1,1.99617976626764
"TGME49_219450",2.77555756156289e-17,1,1.99613086635493
"TGME49_228050",4.62592926927149e-17,1,1.99602452702871
"TGME49_295390",1.38777878078145e-17,1,1.99591984996753
"TGME49_207210",-2.5627648151764e-15,1,1.99576083680314
"TGME49_264660",1.85037170770859e-17,1,1.99555177547268
"TGME49_215328",8.32667268468867e-17,1,1.99537380088364
"TGME49_253110",-1.38777878078145e-17,1,1.99509724317715
"TGME49_318240",7.03141248929266e-16,1,1.99501060781919
"TGME49_249750",4.16333634234434e-17,1,1.99497507172696
"TGME49_260000",-2.77555756156289e-17,1,1.99484241256245
"TGME49_233460",-1.4432899320127e-15,1,1.99471879051562
"TGME49_267470",4.71844785465692e-16,1,1.99465074216362
"TGME49_253790",4.62592926927149e-18,1,1.99458342114548
"TGME49_288220",1.38777878078145e-17,1,1.99428849947558
"TGME49_210370",-1.29988612466529e-15,1,1.99400832004996
"TGME49_268820",6.47630097698008e-17,1,1.99391692801467
"TGME49_255450",5.08852219619863e-16,1,1.99388535892869
"TGME49_233140",-6.56881956236551e-16,1,1.9937203204034
"TGME49_500047",3.0993726104119e-16,1,1.99369699116136
"TGME49_278840",3.65448412272447e-16,1,1.9935782813522
"TGME49_203110",-4.62592926927149e-18,1,1.99355919318138
"TGME49_207015",1.85037170770859e-17,1,1.99345778287284
"TGME49_294990",4.16333634234434e-17,1,1.9934052342248
"TGME49_295125",-1.38777878078145e-17,1,1.99320127420773
"TGME49_318675",-2.40548322002117e-16,1,1.99315268581315
"TGME49_293850",1.54968630520595e-15,1,1.99314184788651
"TGME49_202110",9.25185853854297e-17,1,1.99313252806337
"TGME49_500434",-3.23815048849004e-17,1,1.99300710420663
"TGME49_244280",-5.50485583043307e-16,1,1.99285265946869
"TGME49_500061",-1.89663100040131e-16,1,1.99262694100391
"TGME49_231470",-8.78926561161582e-17,1,1.99249690262107
"TGME49_268860",4.62592926927149e-18,1,1.99241996892387
"TGME49_291040",1.38777878078145e-17,1,1.99232003392913
"TGME49_237045",6.47630097698008e-17,1,1.99220585818433
"TGME49_500291",-2.77555756156289e-17,1,1.99205977900143
"TGME49_306450",-3.46944695195361e-16,1,1.99189573238104
"TGME49_294260",-3.23815048849004e-17,1,1.99177767133066
"TGME49_247520",1.53118258812886e-15,1,1.99169046673994
"TGME49_272590",-1.07321559047098e-15,1,1.99166694484682
"TGME49_233950",-7.95659834314696e-16,1,1.99163150509444
"TGME49_274140",3.0993726104119e-16,1,1.99111109420547
"TGME49_500256",-8.92804348969397e-16,1,1.99104280492661
"TGME49_500205",9.25185853854297e-18,1,1.99043756954654
"TGME49_500074",1.11022302462516e-16,1,1.99042423218604
"TGME49_252260",3.56196553733904e-16,1,1.99024435951785
"TGME49_215360",1.85037170770859e-17,1,1.98998217192685
"TGME49_500411",-7.86407975776153e-17,1,1.98883932864097
"TGME49_257690",-4.94974431812049e-16,1,1.98880602340702
"TGME49_500227",4.90348502542778e-16,1,1.98871112375026
"TGME49_243720",-9.25185853854297e-18,1,1.98816377367883
"TGME49_318120",4.81096644004234e-16,1,1.98788445193064
"TGME49_306455",2.4980018054066e-16,1,1.98729275114433
"TGME49_230460",-9.25185853854297e-18,1,1.98699604356873
"TGME49_500037",-1.85037170770859e-17,1,1.98674162745168
"TGME49_500367",-9.25185853854297e-18,1,1.98653731473786
"TGME49_272430",3.70074341541719e-17,1,1.98650759859879
"TGME49_281590",-4.9960036108132e-16,1,1.98634302369824
"TGME49_255710",9.25185853854297e-18,1,1.98610749527641
"TGME49_300070",2.77555756156289e-17,1,1.98601492520527
"TGME49_246650",7.40148683083438e-17,1,1.98584175011451
"TGME49_500316",3.97829917157348e-16,1,1.9856279039504
"TGME49_500424",4.62592926927149e-16,1,1.98486670144433
"TGME49_211050",-3.88578058618805e-16,1,1.984790967392
"TGME49_238270",1.20274161001059e-16,1,1.98475662071459
"TGME49_222385",-1.85037170770859e-17,1,1.98353089666922
"TGME49_257925",3.14563190310461e-16,1,1.98331515810153
"TGME49_231630",8.78926561161582e-16,1,1.98313332343145
"TGME49_243470",1.58206781009085e-15,1,1.98288819853357
"TGME49_233180",-2.77555756156289e-17,1,1.98280260904856
"TGME49_282200",2.86807614694832e-16,1,1.98267545964046
"TGME49_500212",5.36607795235492e-16,1,1.98235638850118
"TGME49_239510",3.70074341541719e-17,1,1.98150776524551
"TGME49_295130",-3.70074341541719e-17,1,1.98130879952493
"TGME49_254190",-1.01770443923973e-16,1,1.98129569080742
"TGME49_500373",3.23815048849004e-16,1,1.98127448994756
"TGME49_278180",-1.57281595155231e-16,1,1.98106684832463
"TGME49_216000",-8.04911692853238e-16,1,1.9807879380787
"TGME49_239520",7.40148683083438e-17,1,1.98066106574411
"TGME49_500220",3.70074341541719e-17,1,1.98021581927315
"TGME49_210320",1.85037170770859e-17,1,1.97989631710652
"TGME49_257000",-2.59052039079203e-16,1,1.97906929405636
"TGME49_247340",-1.94289029309402e-16,1,1.97871323659878
"TGME49_500149",-1.01770443923973e-15,1,1.97795155302211
"TGME49_262440",1.57281595155231e-16,1,1.97786767345527
"TGME49_500379",2.22044604925031e-16,1,1.97783584766742
"TGME49_248225",0,1,1.97767022595517
"TGME49_267045",1.11022302462516e-16,1,1.97765827598485
"TGME49_500197",7.40148683083438e-17,1,1.97694415172182
"TGME49_206650",-3.70074341541719e-17,1,1.9764232803694
"TGME49_500341",-2.77555756156289e-17,1,1.97620144755535
"TGME49_285860",0,1,1.9760582815516
"TGME49_218130",8.51170985545953e-16,1,1.97598750541996
"TGME49_313740",3.70074341541719e-17,1,1.97558738775978
"TGME49_256865",-3.05311331771918e-16,1,1.97512501688177
"TGME49_500394",3.51570624464633e-16,1,1.97465532605021
"TGME49_210420",-3.70074341541719e-17,1,1.97429459215766
"TGME49_207970",-9.25185853854297e-18,1,1.97364685906638
"TGME49_221665",0,1,1.97328793621719
"TGME49_252255",-1.33226762955019e-15,1,1.97327303352732
"TGME49_262970",1.85037170770859e-17,1,1.97289083415561
"TGME49_286000",7.21644966006352e-16,1,1.97279118832432
"TGME49_251940",-2.59052039079203e-16,1,1.97230035338727
"TGME49_500384",-1.85037170770859e-17,1,1.97198934433363
"TGME49_240330",-1.20274161001059e-16,1,1.9714938672851
"TGME49_315100",-5.73615229389664e-16,1,1.97123355775399
"TGME49_266860",-1.20274161001059e-16,1,1.97072115815599
"TGME49_225290",2.65528340056183e-15,1,1.97046718255448
"TGME49_280670",-2.77555756156289e-17,1,1.9699683004426
"TGME49_500145",2.77555756156289e-17,1,1.96981672391944
"TGME49_240930",-4.44089209850063e-16,1,1.96890488025052
"TGME49_500262",-9.25185853854297e-18,1,1.96888662728013
"TGME49_318180",2.03540887847945e-16,1,1.9688212005565
"TGME49_225590",1.11022302462516e-15,1,1.96857301307999
"TGME49_205250",1.23049718562622e-15,1,1.96833107897794
"TGME49_306620",-1.28600833685747e-15,1,1.96780919350372
"TGME49_211290",-8.04911692853238e-16,1,1.96763967625312
"TGME49_278860",1.48029736616688e-16,1,1.966975603044
"TGME49_289910",-2.77555756156289e-17,1,1.96683212884423
"TGME49_500073",-9.3443771239284e-16,1,1.96639947774295
"TGME49_310235",2.77555756156289e-17,1,1.96569801091512
"TGME49_291960",3.33992093241401e-15,1,1.96548940940595
"TGME49_233320",2.22044604925031e-16,1,1.96523243799557
"TGME49_219370",1.38777878078145e-16,1,1.96513444720353
"TGME49_314055",1.01770443923973e-16,1,1.96500217507782
"TGME49_231060",-3.79326200080262e-16,1,1.96498009122134
"TGME49_220080",5.55111512312578e-17,1,1.96457483678872
"TGME49_282030",9.25185853854297e-18,1,1.96428466293966
"TGME49_500139",8.32667268468867e-17,1,1.96376318448964
"TGME49_500086",1.85037170770859e-17,1,1.96341617656069
"TGME49_320270",5.9211894646675e-16,1,1.96331927626649
"TGME49_286590",-3.05311331771918e-16,1,1.963297680497
"TGME49_272440",-3.97829917157348e-16,1,1.96322447718736
"TGME49_230130",1.38777878078145e-16,1,1.9629172309782
"TGME49_262890",1.85037170770859e-17,1,1.96214836589534
"TGME49_312950",-1.46179364908979e-15,1,1.96118350099814
"TGME49_301240",2.29446091755866e-15,1,1.96086274920855
"TGME49_202400",0,1,1.96073583960796
"TGME49_215775",0,1,1.96044867303566
"TGME49_203505",-9.25185853854297e-18,1,1.95957325170779
"TGME49_219110",-4.81096644004234e-16,1,1.95877306384668
"TGME49_291160",0,1,1.95873485574077
"TGME49_500393",1.29526019539602e-16,1,1.95872049726098
"TGME49_280570",-4.57966997657877e-15,1,1.95840814262946
"TGME49_500204",-2.12792746386488e-16,1,1.95756882203952
"TGME49_500143",-1.85037170770859e-17,1,1.95750883926867
"TGME49_315340",4.90348502542778e-16,1,1.95720203275672
"TGME49_245600",-2.22044604925031e-16,1,1.9569158016825
"TGME49_264178",-1.29526019539602e-16,1,1.95684302845707
"TGME49_500273",2.4980018054066e-16,1,1.95669474607147
"TGME49_259960",-9.25185853854297e-18,1,1.95641958760342
"TGME49_220720",1.5080529417825e-15,1,1.95616009590558
"TGME49_244335",5.55111512312578e-17,1,1.95587651194648
"TGME49_275795",-4.9960036108132e-16,1,1.95582734218909
"TGME49_316370",-2.77555756156289e-16,1,1.95571149928292
"TGME49_275798",0,1,1.95551740415728
"TGME49_261740",-9.25185853854297e-16,1,1.95506104296043
"TGME49_500045",-2.31296463463574e-16,1,1.95425012099604
"TGME49_264150",-7.95659834314696e-16,1,1.95322914096111
"TGME49_223900",-9.25185853854297e-18,1,1.95309201335387
"TGME49_265060",-6.66133814775094e-16,1,1.95266505345859
"TGME49_293800",4.81096644004234e-16,1,1.95257698263008
"TGME49_233040",1.29526019539602e-16,1,1.95175170224316
"TGME49_223830",1.85037170770859e-17,1,1.9515190924224
"TGME49_269300",-1.99840144432528e-15,1,1.95144916725759
"TGME49_266610",7.7715611723761e-16,1,1.95112013534104
"TGME49_307603",2.22044604925031e-16,1,1.95077711422812
"TGME49_500358",-4.25585492772977e-16,1,1.95060416349569
"TGME49_315520",-2.05391259555654e-15,1,1.95015791736177
"TGME49_313940",3.70074341541719e-17,1,1.94993049449149
"TGME49_229720",5.55111512312578e-16,1,1.94981686061552
"TGME49_268310",2.40548322002117e-16,1,1.94980217970755
"TGME49_208030",1.49880108324396e-15,1,1.94962951530827
"TGME49_209610",3.70074341541719e-17,1,1.94910162040976
"TGME49_500303",-9.25185853854297e-16,1,1.94907846149357
"TGME49_269160",-9.25185853854297e-17,1,1.94854701206182
"TGME49_277060",5.55111512312578e-17,1,1.94774122339742
"TGME49_500099",1.85037170770859e-16,1,1.94761619031584
"TGME49_266770",-9.25185853854297e-17,1,1.94748183926891
"TGME49_203250",1.29526019539602e-16,1,1.94735850920436
"TGME49_310580",1.29526019539602e-16,1,1.94646440210187
"TGME49_313725",-3.70074341541719e-17,1,1.94598143296199
"TGME49_500438",1.85037170770859e-16,1,1.94571530761981
"TGME49_224170",7.7715611723761e-16,1,1.94535604852897
"TGME49_240390",2.96059473233375e-16,1,1.94513656576972
"TGME49_266670",1.36927506370436e-15,1,1.94479605811859
"TGME49_210678",1.85037170770859e-17,1,1.94359666120372
"TGME49_500260",-5.73615229389664e-16,1,1.94293422504901
"TGME49_500376",7.40148683083438e-17,1,1.94231885270482
"TGME49_500342",-1.11022302462516e-16,1,1.94209176623372
"TGME49_243200",1.85037170770859e-17,1,1.94172124507137
"TGME49_316690",-9.25185853854297e-17,1,1.94132791682325
"TGME49_285690",3.70074341541719e-17,1,1.94069996415617
"TGME49_273510",-7.40148683083438e-17,1,1.94019225013069
"TGME49_293250",-1.85037170770859e-17,1,1.94014508268043
"TGME49_219660",-5.55111512312578e-17,1,1.93860142249866
"TGME49_305890",-3.14563190310461e-16,1,1.93859493797278
"TGME49_218290",1.66533453693773e-16,1,1.93789346537965
"TGME49_202445",-1.60982338570648e-15,1,1.9366773202701
"TGME49_316550",1.66533453693773e-16,1,1.93420666782785
"TGME49_305100",-2.96059473233375e-16,1,1.93366268680667
"TGME49_500117",-1.85037170770859e-17,1,1.93343380422877
"TGME49_266340",-7.40148683083438e-17,1,1.93215124948661
"TGME49_209755",1.85037170770859e-17,1,1.93168332127229
"TGME49_500079",2.03540887847945e-16,1,1.93104885665364
"TGME49_500172",-1.85037170770859e-17,1,1.93099197258966
"TGME49_310160",-1.85037170770859e-17,1,1.93081849949467
"TGME49_256020",7.40148683083438e-17,1,1.9304650282521
"TGME49_500232",-1.9798977272482e-15,1,1.93031289904897
"TGME49_500414",-1.48029736616688e-16,1,1.93005914937456
"TGME49_278680",-6.66133814775094e-16,1,1.92964550002892
"TGME49_216280",1.66533453693773e-16,1,1.92911166008935
"TGME49_285480",-5.55111512312578e-17,1,1.928285960332
"TGME49_272020",0,1,1.92770896259092
"TGME49_291830",-3.51570624464633e-16,1,1.92711144046793
"TGME49_294850",-1.48029736616688e-16,1,1.92686399780848
"TGME49_260190",3.14563190310461e-15,1,1.92675591638278
"TGME49_248677",-1.11022302462516e-16,1,1.92549062978189
"TGME49_500077",-3.70074341541719e-17,1,1.92490472761181
"TGME49_240790",-7.40148683083438e-17,1,1.92467678489759
"TGME49_500224",9.25185853854297e-17,1,1.92447448248744
"TGME49_235370",4.07081775695891e-16,1,1.92392039726984
"TGME49_500199",-1.85037170770859e-16,1,1.92381781109112
"TGME49_268360",3.70074341541719e-17,1,1.92287808493339
"TGME49_500046",0,1,1.92003630127235
"TGME49_207610",-1.66533453693773e-16,1,1.91992350394208
"TGME49_233920",-6.66133814775094e-16,1,1.9197195597818
"TGME49_238915",5.55111512312578e-17,1,1.91918411254291
"TGME49_207350",3.88578058618805e-16,1,1.91820803410199
"TGME49_203230",-3.33066907387547e-16,1,1.91743124190898
"TGME49_500169",-3.70074341541719e-17,1,1.91737786296494
"TGME49_500292",1.48029736616688e-16,1,1.91722391890647
"TGME49_233960",2.77555756156289e-16,1,1.91704690619517
"TGME49_206550",0,1,1.91664130339742
"TGME49_209920",-1.29526019539602e-16,1,1.915291499392
"TGME49_244590",-2.22044604925031e-16,1,1.91499383651089
"TGME49_500345",5.55111512312578e-17,1,1.91496132755208
"TGME49_242370",-3.14563190310461e-16,1,1.91462503019329
"TGME49_234940",-1.85037170770859e-17,1,1.91379407453508
"TGME49_500334",-1.29526019539602e-16,1,1.91318487555177
"TGME49_272260",-7.40148683083438e-17,1,1.91301539190048
"TGME49_230160",-1.75785312232316e-15,1,1.91288331439126
"TGME49_313380",1.85037170770859e-17,1,1.91173655578411
"TGME49_278110",-8.51170985545953e-16,1,1.91076030504652
"TGME49_207965",-2.03540887847945e-16,1,1.91028780396608
"TGME49_253330",-3.75625456664845e-15,1,1.90976631838817
"TGME49_207160",1.85037170770859e-17,1,1.90952206995665
"TGME49_315962",1.85037170770859e-17,1,1.90929389519045
"TGME49_208380",-1.25825276124184e-15,1,1.90863594123221
"TGME49_244850",3.88578058618805e-16,1,1.90854767228976
"TGME49_295105",2.27595720048157e-15,1,1.90773896841884
"TGME49_286670",3.70074341541719e-17,1,1.90728608272262
"TGME49_252640",3.70074341541719e-17,1,1.90715839975049
"TGME49_228065",3.70074341541719e-17,1,1.90677383323266
"TGME49_290970",2.94209101525666e-15,1,1.90668426056822
"TGME49_285870",0,1,1.90605571891444
"TGME49_295740",-3.70074341541719e-16,1,1.90581576915541
"TGME49_278240",7.40148683083438e-17,1,1.90555980512864
"TGME49_500097",-7.40148683083438e-17,1,1.90536934137187
"TGME49_235950",-5.55111512312578e-17,1,1.90515775466301
"TGME49_235010",3.70074341541719e-17,1,1.90485436876154
"TGME49_320715",1.85037170770859e-16,1,1.90410368376236
"TGME49_258370",-1.85037170770859e-17,1,1.90315699887252
"TGME49_223430",2.59052039079203e-16,1,1.90289773955843
"TGME49_225413",-7.40148683083438e-17,1,1.90161428687689
"TGME49_289370",0,1,1.90136003122442
"TGME49_233030",2.59052039079203e-16,1,1.90077035149206
"TGME49_271320",3.70074341541719e-17,1,1.90029666515961
"TGME49_275790",2.27595720048157e-15,1,1.90029543671703
"TGME49_321480",-3.70074341541719e-17,1,1.89980986019827
"TGME49_232110",-5.55111512312578e-17,1,1.8989515227139
"TGME49_279460",7.40148683083438e-17,1,1.89885107285465
"TGME49_210095",-6.29126380620922e-16,1,1.89810082541907
"TGME49_500440",-9.25185853854297e-17,1,1.89718519487994
"TGME49_292390",-1.14723045877933e-15,1,1.89646211187569
"TGME49_287960",9.25185853854297e-17,1,1.89629776377636
"TGME49_500347",7.21644966006352e-16,1,1.89589915132375
"TGME49_500158",-7.40148683083438e-17,1,1.89586722748843
"TGME49_258840",3.70074341541719e-17,1,1.89583034861908
"TGME49_209470",3.70074341541719e-17,1,1.89534556536859
"TGME49_500101",-3.88578058618805e-16,1,1.89502781865826
"TGME49_293780",4.8664775912736e-15,1,1.89431141182014
"TGME49_293790",-1.85037170770859e-17,1,1.89417488749156
"TGME49_225140",-2.77555756156289e-16,1,1.89403102406996
"TGME49_289020",0,1,1.89363449327747
"TGME49_211385",1.85037170770859e-17,1,1.89270120104832
"TGME49_269400",1.66533453693773e-16,1,1.89234409998597
"TGME49_315450",-1.85037170770859e-17,1,1.89029050416133
"TGME49_276980",3.70074341541719e-17,1,1.88896405938467
"TGME49_204870",3.70074341541719e-17,1,1.88887145725872
"TGME49_316320",5.55111512312578e-17,1,1.8886819641886
"TGME49_227370",5.73615229389664e-16,1,1.88862040183609
"TGME49_262730",5.73615229389664e-16,1,1.88858362580657
"TGME49_500080",-1.85037170770859e-17,1,1.88768683241877
"TGME49_250720",0,1,1.88579749693048
"TGME49_278245",3.70074341541719e-17,1,1.88537866696883
"TGME49_289240",1.85037170770859e-16,1,1.88429680668423
"TGME49_208730",9.75145889962429e-15,1,1.88420682845903
"TGME49_230340",-7.40148683083438e-17,1,1.88368926452692
"TGME49_240940",-1.85037170770859e-17,1,1.88232634022511
"TGME49_210740",-1.85037170770859e-17,1,1.88155658067615
"TGME49_500238",1.85037170770859e-17,1,1.88090268606399
"TGME49_224180",-1.85037170770859e-17,1,1.87968831193311
"TGME49_280420",-5.55111512312578e-16,1,1.8792862673546
"TGME49_293620",-3.70074341541719e-17,1,1.87858801924292
"TGME49_314670",-3.70074341541719e-17,1,1.87823729270129
"TGME49_500258",3.70074341541719e-17,1,1.87816161376135
"TGME49_266785",3.33066907387547e-16,1,1.87717753211852
"TGME49_276860",3.70074341541719e-17,1,1.87532559512305
"TGME49_500239",9.25185853854297e-17,1,1.87496365661222
"TGME49_240470",-3.14563190310461e-16,1,1.87445901831219
"TGME49_203900",3.70074341541719e-17,1,1.8734250174698
"TGME49_238220",1.20274161001059e-15,1,1.87291733386504
"TGME49_248760",-1.85037170770859e-17,1,1.8724798037868
"TGME49_278350",3.70074341541719e-17,1,1.8723699195064
"TGME49_224010",-1.85037170770859e-16,1,1.87223201705778
"TGME49_203800",7.21644966006352e-16,1,1.87088180725626
"TGME49_266700",-5.55111512312578e-17,1,1.87079415941635
"TGME49_500423",2.96059473233375e-16,1,1.86916824094644
"TGME49_220560",8.32667268468867e-16,1,1.86735263914929
"TGME49_204290",1.85037170770859e-16,1,1.86721356895039
"TGME49_278080",-2.18343861509614e-15,1,1.86708482384936
"TGME49_294585",1.11022302462516e-16,1,1.8668972035864
"TGME49_310680",-4.51490696680897e-15,1,1.86658983571902
"TGME49_315560",-3.70074341541719e-16,1,1.86525298286893
"TGME49_212770",-5.36607795235492e-16,1,1.86509652157979
"TGME49_210400",1.85037170770859e-17,1,1.86430734117658
"TGME49_238160",0,1,1.8639186459966
"TGME49_207140",0,1,1.86389672673403
"TGME49_244030",9.25185853854297e-17,1,1.86334022251632
"TGME49_212075",-5.14403334742989e-15,1,1.86323628004772
"TGME49_226245",-7.40148683083438e-17,1,1.8628206253548
"TGME49_500426",0,1,1.86267626856988
"TGME49_294240",9.25185853854297e-17,1,1.86227975997602
"TGME49_320280",7.40148683083438e-17,1,1.86204340374532
"TGME49_262630",-2.2389497663274e-15,1,1.86186233404958
"TGME49_311755",-6.10622663543836e-16,1,1.86142779633552
"TGME49_320030",-3.51570624464633e-16,1,1.86100265023018
"TGME49_211910",3.70074341541719e-17,1,1.85992294338069
"TGME49_313050",-9.62193288008469e-16,1,1.85981343925342
"TGME49_500390",5.55111512312578e-17,1,1.85776231062095
"TGME49_239365",-1.85037170770859e-16,1,1.85769995777215
"TGME49_249300",4.44089209850063e-16,1,1.85726247451534
"TGME49_214510",3.70074341541719e-17,1,1.85659920082511
"TGME49_269120",7.40148683083438e-17,1,1.85627551102753
"TGME49_275470",-6.10622663543836e-16,1,1.85543013414572
"TGME49_232170",-3.70074341541719e-17,1,1.85509796158779
"TGME49_315350",-3.70074341541719e-17,1,1.85407997618028
"TGME49_292280",1.12872674170224e-15,1,1.85405654829646
"TGME49_500012",-7.40148683083438e-17,1,1.85378669969693
"TGME49_217855",1.85037170770859e-17,1,1.85362309950371
"TGME49_282020",3.70074341541719e-17,1,1.85302624160011
"TGME49_226710",-1.4432899320127e-15,1,1.85249204105608
"TGME49_291890",1.09171930754807e-15,1,1.85169145654051
"TGME49_500335",-1.85037170770859e-17,1,1.85153588161757
"TGME49_202730",7.21644966006352e-16,1,1.85136062115924
"TGME49_255060",0,1,1.85042366022007
"TGME49_500127",-7.40148683083438e-17,1,1.85009256883137
"TGME49_231090",7.21644966006352e-16,1,1.84964736473916
"TGME49_216400",0,1,1.84906141800767
"TGME49_229405",-1.48029736616688e-16,1,1.84901533390546
"TGME49_266150",3.70074341541719e-17,1,1.84879593105422
"TGME49_243655",3.70074341541719e-17,1,1.8485405494217
"TGME49_231640",1.85037170770859e-17,1,1.84847651507764
"TGME49_229330",7.40148683083438e-17,1,1.8484702354782
"TGME49_500353",7.40148683083438e-17,1,1.84779137790565
"TGME49_204050",-3.70074341541719e-17,1,1.84750540752381
"TGME49_244360",0,1,1.84741121221139
"TGME49_251857",-1.55431223447522e-15,1,1.84715238385215
"TGME49_201690",1.46179364908979e-15,1,1.8469365656056
"TGME49_238980",9.25185853854297e-17,1,1.84358480143912
"TGME49_252330",-9.25185853854297e-17,1,1.84325816235808
"TGME49_500371",5.55111512312578e-17,1,1.84241066654106
"TGME49_500277",5.55111512312578e-17,1,1.84140359040072
"TGME49_319560",0,1,1.84136710275017
"TGME49_500060",-4.9960036108132e-16,1,1.83962732584438
"TGME49_305280",-1.85037170770859e-17,1,1.83948850098019
"TGME49_297280",-3.14563190310461e-16,1,1.83913802026988
"TGME49_259205",-7.40148683083438e-17,1,1.83779668946921
"TGME49_209810",-1.85037170770859e-17,1,1.83768117849993
"TGME49_311700",-1.85037170770859e-17,1,1.83754073243334
"TGME49_220270",-4.9960036108132e-16,1,1.83707177573496
"TGME49_255480",-1.85037170770859e-17,1,1.83706537336428
"TGME49_221840",4.51490696680897e-15,1,1.83633827996569
"TGME49_300100",0,1,1.83443585591277
"TGME49_286580",1.09171930754807e-15,1,1.83408478763367
"TGME49_500259",-1.85037170770859e-17,1,1.83381896157897
"TGME49_289660",-1.11022302462516e-16,1,1.83331624638789
"TGME49_262160",3.70074341541719e-17,1,1.83086985809392
"TGME49_225320",-9.62193288008469e-16,1,1.83085316503864
"TGME49_209985",5.9211894646675e-16,1,1.82994001065583
"TGME49_258200",-2.59052039079203e-16,1,1.82969145214892
"TGME49_223725",2.77555756156289e-16,1,1.82864582650636
"TGME49_251900",0,1,1.82852809392767
"TGME49_500159",-3.70074341541719e-17,1,1.82804009152347
"TGME49_313848",-2.59052039079203e-16,1,1.82795564845537
"TGME49_232655",0,1,1.82751348302512
"TGME49_271580",0,1,1.8274576806087
"TGME49_500068",-2.22044604925031e-16,1,1.82682841974795
"TGME49_500340",1.85037170770859e-16,1,1.82655086438152
"TGME49_263380",0,1,1.82611600089568
"TGME49_215540",-5.55111512312578e-17,1,1.82594173591353
"TGME49_244620",7.40148683083438e-16,1,1.82563211604888
"TGME49_216290",1.48029736616688e-16,1,1.82471596399448
"TGME49_202090",7.40148683083438e-17,1,1.82459968378443
"TGME49_259150",3.70074341541719e-17,1,1.82233496145312
"TGME49_318750",3.70074341541719e-17,1,1.82232478757495
"TGME49_265070",2.03540887847945e-16,1,1.82100925024683
"TGME49_500064",-1.11022302462516e-16,1,1.82096959280901
"TGME49_322600",1.85037170770859e-17,1,1.82027323776839
"TGME49_238460",-1.85037170770859e-17,1,1.82012409825534
"TGME49_500332",-9.25185853854297e-17,1,1.82007958590577
"TGME49_217800",1.48029736616688e-16,1,1.8194069513844
"TGME49_290645",1.85037170770859e-17,1,1.81900250606489
"TGME49_271285",5.55111512312578e-17,1,1.81746375255244
"TGME49_319970",7.40148683083438e-17,1,1.81692879610075
"TGME49_500297",-1.62832710278356e-15,1,1.81582950175774
"TGME49_282230",-1.85037170770859e-17,1,1.81557239522896
"TGME49_256030",-2.96059473233375e-16,1,1.8155697102214
"TGME49_252080",1.11022302462516e-16,1,1.81455652360302
"TGME49_286740",-9.80697005085555e-16,1,1.81427588197419
"TGME49_227810",7.95659834314696e-16,1,1.81340401848037
"TGME49_220420",-2.59052039079203e-16,1,1.81268435928848
"TGME49_208830",-3.14563190310461e-16,1,1.80848182752323
"TGME49_299230",-4.44089209850063e-16,1,1.80733361677212
"TGME49_273740",1.85037170770859e-16,1,1.80515028918298
"TGME49_278910",-3.14563190310461e-16,1,1.80419014136229
"TGME49_305790",5.55111512312578e-16,1,1.80337838509145
"TGME49_239550",0,1,1.80306041175697
"TGME49_294610",4.07081775695891e-16,1,1.80234460386107
"TGME49_292275",3.70074341541719e-17,1,1.79991532361269
"TGME49_280435",-2.59052039079203e-16,1,1.79915707036979
"TGME49_321390",1.48029736616688e-16,1,1.79710131011286
"TGME49_218890",1.11022302462516e-16,1,1.79677733415717
"TGME49_242310",7.40148683083438e-17,1,1.79620782322034
"TGME49_314440",-1.11022302462516e-16,1,1.7934571037538
"TGME49_202140",7.40148683083438e-17,1,1.79151571051409
"TGME49_312240",2.59052039079203e-16,1,1.79132001391775
"TGME49_218210",2.59052039079203e-16,1,1.79131704563239
"TGME49_250360",-4.81096644004234e-16,1,1.78936852097234
"TGME49_247850",-4.07081775695891e-16,1,1.78874707401698
"TGME49_235580",-1.48029736616688e-16,1,1.78873857748043
"TGME49_224932",-3.70074341541719e-16,1,1.78848102260475
"TGME49_500243",-2.59052039079203e-16,1,1.78847850199461
"TGME49_274170",0,1,1.78750657775554
"TGME49_248445",-3.33066907387547e-16,1,1.78748060224916
"TGME49_201850",-9.62193288008469e-16,1,1.78577185450073
"TGME49_212710",-7.40148683083438e-17,1,1.78526372667899
"TGME49_500031",-1.85037170770859e-16,1,1.78451876282138
"TGME49_221420",-2.22044604925031e-16,1,1.78320256428395
"TGME49_500343",3.70074341541719e-17,1,1.78302269339145
"TGME49_219610",8.51170985545953e-16,1,1.78107619685861
"TGME49_238060",0,1,1.78045406441429
"TGME49_216200",0,1,1.77955829737085
"TGME49_500279",0,1,1.77709710182732
"TGME49_218470",0,1,1.77678705701428
"TGME49_275660",-7.40148683083438e-17,1,1.77555201671337
"TGME49_500198",7.7715611723761e-16,1,1.77476089213767
"TGME49_500038",-1.11022302462516e-16,1,1.7746463311617
"TGME49_500310",-5.18104078158406e-15,1,1.77345126934884
"TGME49_224140",-3.33066907387547e-16,1,1.77220905603184
"TGME49_288050",-3.70074341541719e-17,1,1.77210228227403
"TGME49_291340",7.40148683083438e-16,1,1.77144107524198
"TGME49_235650",-2.59052039079203e-16,1,1.7705014620808
"TGME49_304730",3.70074341541719e-17,1,1.76969114098664
"TGME49_322000",-5.55111512312578e-16,1,1.76952985305377
"TGME49_256080",-1.11022302462516e-16,1,1.76944065654103
"TGME49_204560",3.70074341541719e-17,1,1.76768516825817
"TGME49_237585",-2.96059473233375e-16,1,1.76648112678931
"TGME49_221550",2.18343861509614e-15,1,1.76642221750296
"TGME49_500211",1.11022302462516e-16,1,1.76609891616024
"TGME49_313220",-8.51170985545953e-16,1,1.76595800885361
"TGME49_235390",2.22044604925031e-16,1,1.7657906735823
"TGME49_204460",4.07081775695891e-16,1,1.76494688454863
"TGME49_207740",7.40148683083438e-17,1,1.76473837952885
"TGME49_253150",1.48029736616688e-16,1,1.76466118803353
"TGME49_238200",-2.22044604925031e-15,1,1.76329952354022
"TGME49_254790",3.70074341541719e-17,1,1.76318921697404
"TGME49_294320",1.85037170770859e-16,1,1.76290452136915
"TGME49_250950",-1.07321559047098e-15,1,1.76186629168579
"TGME49_248330",8.14163551391781e-16,1,1.76063176448985
"TGME49_250920",-3.33066907387547e-16,1,1.76048400413195
"TGME49_295945",3.70074341541719e-17,1,1.76009093929531
"TGME49_500242",0,1,1.75921154659024
"TGME49_222370",0,1,1.75783522583442
"TGME49_254020",3.70074341541719e-17,1,1.75568103156873
"TGME49_315970",3.70074341541719e-16,1,1.75540473934477
"TGME49_500366",1.11022302462516e-16,1,1.75482977275308
"TGME49_315730",7.40148683083438e-17,1,1.75433359943082
"TGME49_272240",-3.70074341541719e-17,1,1.75381631753314
"TGME49_208740",0,1,1.7524404175929
"TGME49_274020",-1.11022302462516e-16,1,1.7512470668511
"TGME49_213700",-4.81096644004234e-16,1,1.7486246080372
"TGME49_226690",-7.40148683083438e-17,1,1.74829554365184
"TGME49_264990",2.96059473233375e-16,1,1.74705372800616
"TGME49_221275",0,1,1.74690290673528
"TGME49_235860",-1.85037170770859e-16,1,1.74331998583479
"TGME49_300130",-3.70074341541719e-17,1,1.74321605636451
"TGME49_276930",-8.51170985545953e-16,1,1.74116365774579
"TGME49_216140",0,1,1.73915572765939
"TGME49_252350",-3.70074341541719e-17,1,1.73899609821074
"TGME49_313780",9.99200722162641e-16,1,1.73768721908172
"TGME49_236060",2.59052039079203e-16,1,1.73559911816788
"TGME49_267030",0,1,1.7344687676718
"TGME49_316130",4.07081775695891e-16,1,1.73423361782392
"TGME49_254430",-3.33066907387547e-16,1,1.73309500775347
"TGME49_238440",-8.14163551391781e-16,1,1.73295402321159
"TGME49_209510",0,1,1.73205080756888
"TGME49_218450",0,1,1.73205080756888
"TGME49_224905",0,1,1.73205080756888
"TGME49_235315",0,1,1.73205080756888
"TGME49_270950",0,1,1.73205080756888
"TGME49_279000",0,1,1.73205080756888
"TGME49_280605",0,1,1.73205080756888
"TGME49_286040",0,1,1.73205080756888
"TGME49_297090",0,1,1.73205080756888
"TGME49_313840",0,1,1.73205080756888
"TGME49_500350",0,1,1.73205080756888
"TGME49_500437",0,1,1.73205080756888
"TGME49_200600",7.40148683083438e-17,1,1.73205080756888
"TGME49_202100",7.40148683083438e-17,1,1.73205080756888
"TGME49_209515",7.40148683083438e-17,1,1.73205080756888
"TGME49_209560",7.40148683083438e-17,1,1.73205080756888
"TGME49_209585",7.40148683083438e-17,1,1.73205080756888
"TGME49_212740",7.40148683083438e-17,1,1.73205080756888
"TGME49_213860",7.40148683083438e-17,1,1.73205080756888
"TGME49_217390",7.40148683083438e-17,1,1.73205080756888
"TGME49_218900",7.40148683083438e-17,1,1.73205080756888
"TGME49_219348",7.40148683083438e-17,1,1.73205080756888
"TGME49_222188",7.40148683083438e-17,1,1.73205080756888
"TGME49_224100",7.40148683083438e-17,1,1.73205080756888
"TGME49_233290",7.40148683083438e-17,1,1.73205080756888
"TGME49_237490",7.40148683083438e-17,1,1.73205080756888
"TGME49_238165",7.40148683083438e-17,1,1.73205080756888
"TGME49_239570",7.40148683083438e-17,1,1.73205080756888
"TGME49_239670",7.40148683083438e-17,1,1.73205080756888
"TGME49_242390",7.40148683083438e-17,1,1.73205080756888
"TGME49_242400",7.40148683083438e-17,1,1.73205080756888
"TGME49_246555",7.40148683083438e-17,1,1.73205080756888
"TGME49_246660",7.40148683083438e-17,1,1.73205080756888
"TGME49_248730",7.40148683083438e-17,1,1.73205080756888
"TGME49_249230",7.40148683083438e-17,1,1.73205080756888
"TGME49_251962",7.40148683083438e-17,1,1.73205080756888
"TGME49_256850",7.40148683083438e-17,1,1.73205080756888
"TGME49_258120",7.40148683083438e-17,1,1.73205080756888
"TGME49_258520",7.40148683083438e-17,1,1.73205080756888
"TGME49_259155",7.40148683083438e-17,1,1.73205080756888
"TGME49_259180",7.40148683083438e-17,1,1.73205080756888
"TGME49_261040",7.40148683083438e-17,1,1.73205080756888
"TGME49_270820",7.40148683083438e-17,1,1.73205080756888
"TGME49_271210",7.40148683083438e-17,1,1.73205080756888
"TGME49_271590",7.40148683083438e-17,1,1.73205080756888
"TGME49_272905",7.40148683083438e-17,1,1.73205080756888
"TGME49_278070",7.40148683083438e-17,1,1.73205080756888
"TGME49_278340",7.40148683083438e-17,1,1.73205080756888
"TGME49_283480",7.40148683083438e-17,1,1.73205080756888
"TGME49_283495",7.40148683083438e-17,1,1.73205080756888
"TGME49_283500",7.40148683083438e-17,1,1.73205080756888
"TGME49_283882",7.40148683083438e-17,1,1.73205080756888
"TGME49_289160",7.40148683083438e-17,1,1.73205080756888
"TGME49_309025",7.40148683083438e-17,1,1.73205080756888
"TGME49_312690",7.40148683083438e-17,1,1.73205080756888
"TGME49_320500",7.40148683083438e-17,1,1.73205080756888
"TGME49_321700",7.40148683083438e-17,1,1.73205080756888
"TGME49_500150",7.40148683083438e-17,1,1.73205080756888
"TGME49_500298",7.40148683083438e-17,1,1.73205080756888
"TGME49_500313",7.40148683083438e-17,1,1.73205080756888
"TGME49_500410",7.40148683083438e-17,1,1.73205080756888
"TGME49_500413",7.40148683083438e-17,1,1.73205080756888
"TGME49_500420",7.40148683083438e-17,1,1.73205080756888
"TGME49_268182",7.40148683083438e-17,1,1.73205080756888
"TGME49_323400",7.40148683083438e-17,1,1.73205080756888
"TGME49_203500",-7.40148683083438e-17,1,1.73205080756888
"TGME49_205080",0,1,1.73205080756888
"TGME49_207730",-7.40148683083438e-17,1,1.73205080756888
"TGME49_210210",0,1,1.73205080756888
"TGME49_210330",0,1,1.73205080756888
"TGME49_210950",0,1,1.73205080756888
"TGME49_211320",-1.48029736616688e-16,1,1.73205080756888
"TGME49_213340",0,1,1.73205080756888
"TGME49_215670",0,1,1.73205080756888
"TGME49_215900",0,1,1.73205080756888
"TGME49_216150",0,1,1.73205080756888
"TGME49_219670",0,1,1.73205080756888
"TGME49_219742",0,1,1.73205080756888
"TGME49_221560",-7.40148683083438e-17,1,1.73205080756888
"TGME49_221930",0,1,1.73205080756888
"TGME49_225370",0,1,1.73205080756888
"TGME49_225953",-7.40148683083438e-17,1,1.73205080756888
"TGME49_225955",-7.40148683083438e-17,1,1.73205080756888
"TGME49_228430",-7.40148683083438e-17,1,1.73205080756888
"TGME49_231390",-7.40148683083438e-17,1,1.73205080756888
"TGME49_231770",0,1,1.73205080756888
"TGME49_231996",0,1,1.73205080756888
"TGME49_233270",0,1,1.73205080756888
"TGME49_235200",0,1,1.73205080756888
"TGME49_239650",-7.40148683083438e-17,1,1.73205080756888
"TGME49_239755",-7.40148683083438e-17,1,1.73205080756888
"TGME49_247750",0,1,1.73205080756888
"TGME49_252090",-7.40148683083438e-17,1,1.73205080756888
"TGME49_254750",0,1,1.73205080756888
"TGME49_255620",0,1,1.73205080756888
"TGME49_259280",-7.40148683083438e-17,1,1.73205080756888
"TGME49_259900",0,1,1.73205080756888
"TGME49_263410",0,1,1.73205080756888
"TGME49_265538",-7.40148683083438e-17,1,1.73205080756888
"TGME49_266270",0,1,1.73205080756888
"TGME49_267990",-7.40148683083438e-17,1,1.73205080756888
"TGME49_268270",-7.40148683083438e-17,1,1.73205080756888
"TGME49_269110",-7.40148683083438e-17,1,1.73205080756888
"TGME49_272360",-7.40148683083438e-17,1,1.73205080756888
"TGME49_273750",0,1,1.73205080756888
"TGME49_275710",0,1,1.73205080756888
"TGME49_276840",-7.40148683083438e-17,1,1.73205080756888
"TGME49_277980",-7.40148683083438e-17,1,1.73205080756888
"TGME49_278120",0,1,1.73205080756888
"TGME49_278460",0,1,1.73205080756888
"TGME49_278522",0,1,1.73205080756888
"TGME49_281470",0,1,1.73205080756888
"TGME49_284670",0,1,1.73205080756888
"TGME49_292270",0,1,1.73205080756888
"TGME49_297820",0,1,1.73205080756888
"TGME49_298590",7.40148683083438e-17,1,1.73205080756888
"TGME49_301150",0,1,1.73205080756888
"TGME49_305830",0,1,1.73205080756888
"TGME49_309352",-7.40148683083438e-17,1,1.73205080756888
"TGME49_311075",-7.40148683083438e-17,1,1.73205080756888
"TGME49_316190",0,1,1.73205080756888
"TGME49_316560",0,1,1.73205080756888
"TGME49_316890",0,1,1.73205080756888
"TGME49_319890",-7.40148683083438e-17,1,1.73205080756888
"TGME49_320290",-7.40148683083438e-17,1,1.73205080756888
"TGME49_326300",-7.40148683083438e-17,1,1.73205080756888
"TGME49_500003",-7.40148683083438e-17,1,1.73205080756888
"TGME49_500022",0,1,1.73205080756888
"TGME49_500027",-7.40148683083438e-17,1,1.73205080756888
"TGME49_500155",0,1,1.73205080756888
"TGME49_500156",-7.40148683083438e-17,1,1.73205080756888
"TGME49_500191",-7.40148683083438e-17,1,1.73205080756888
"TGME49_500196",-1.48029736616688e-16,1,1.73205080756888
"TGME49_500230",-7.40148683083438e-17,1,1.73205080756888
"TGME49_500326",0,1,1.73205080756888
"TGME49_500405",0,1,1.73205080756888
"TGME49_500412",0,1,1.73205080756888
"TGME49_500430",0,1,1.73205080756888
"TGME49_201230",0,1,1.73205080756888
"TGME49_201775",-7.40148683083438e-17,1,1.73205080756888
"TGME49_203200",-7.40148683083438e-17,1,1.73205080756888
"TGME49_243670",-7.40148683083438e-17,1,1.73205080756888
"TGME49_285790",-7.40148683083438e-17,1,1.73205080756888
"TGME49_310830",-7.40148683083438e-17,1,1.73205080756888
"TGME49_315550",-7.40148683083438e-17,1,1.73205080756888
"TGME49_316580",-7.40148683083438e-17,1,1.73205080756888
"TGME49_500030",-7.40148683083438e-17,1,1.73205080756888
"TGME49_500147",-7.40148683083438e-17,1,1.73205080756888
"TGME49_500395",-7.40148683083438e-17,1,1.73205080756888
"TGME49_216415",-7.40148683083438e-17,1,1.73205080756888
