"Gene","Mean_Zscore","SD_Zscore","Min_Zscore","Max_Zscore","Assinatura"
"TGME49_200600",7.40148683083438e-17,1,-0.577350269189626,1.15470053837925,"Bradyzoite"
"TGME49_201690",1.46179364908979e-15,1,-0.701953549916368,1.14498301568924,"Bradyzoite"
"TGME49_201850",-9.62193288008469e-16,1,-1.15285690057768,0.632914953923045,"Bradyzoite"
"TGME49_202020",7.81782046506881e-15,1,-1.01555495356488,0.983683036969939,"Bradyzoite"
"TGME49_202090",7.40148683083438e-17,1,-1.14873799341282,0.675861690371617,"Bradyzoite"
"TGME49_202100",7.40148683083438e-17,1,-0.577350269189626,1.15470053837925,"Bradyzoite"
"TGME49_202110",9.25185853854297e-17,1,-1.04437031335086,0.948762214712505,"Bradyzoite"
"TGME49_202140",7.40148683083438e-17,1,-1.15241447718948,0.639101233324612,"Bradyzoite"
"TGME49_202400",0,1,-1.09420807355654,0.866527766051414,"Bradyzoite"
"TGME49_202445",-1.60982338570648e-15,1,-1.11246850817477,0.824208812095324,"Bradyzoite"
"TGME49_203110",-4.62592926927149e-18,1,-0.950481879510529,1.04307731367085,"Bradyzoite"
"TGME49_203200",-7.40148683083438e-17,1,-0.577350269189626,1.15470053837925,"Bradyzoite"
"TGME49_203230",-3.33066907387547e-16,1,-0.794536493030295,1.12289474887868,"Bradyzoite"
"TGME49_203250",1.29526019539602e-16,1,-1.10527042598454,0.842088083219821,"Bradyzoite"
"TGME49_203340",-3.86265093984169e-16,1,-1.00884396616744,0.990914931589311,"Bradyzoite"
"TGME49_203500",-7.40148683083438e-17,1,-0.577350269189626,1.15470053837925,"Bradyzoite"
"TGME49_203505",-9.25185853854297e-18,1,-1.09528289967235,0.864290352035436,"Bradyzoite"
"TGME49_203800",7.21644966006352e-16,1,-0.731357329391663,1.13952447786459,"Bradyzoite"
"TGME49_203900",3.70074341541719e-17,1,-1.13884256256128,0.734582454908523,"Bradyzoite"
"TGME49_204290",1.85037170770859e-16,1,-0.726742600381798,1.1404709685686,"Bradyzoite"
"TGME49_204300",-4.11707704965162e-16,1,-0.983323250002234,1.01588155928804,"Bradyzoite"
"TGME49_204460",4.07081775695891e-16,1,-1.15403720009221,0.610909684456423,"Bradyzoite"
"TGME49_204560",3.70074341541719e-17,1,-1.15391805906157,0.613767109196602,"Bradyzoite"
"TGME49_204870",3.70074341541719e-17,1,-0.754662921929414,1.13420853532931,"Bradyzoite"
"TGME49_205080",0,1,-0.577350269189626,1.15470053837925,"Bradyzoite"
"TGME49_205140",4.62592926927149e-17,1,-1.02655752255928,0.971137625622911,"Bradyzoite"
"TGME49_205420",9.83009969720191e-17,1,-0.99582802811776,1.00412039866038,"Bradyzoite"
"TGME49_205430",2.10595429983584e-15,1,-1.0103198725706,0.989350308263816,"Bradyzoite"
"TGME49_206550",0,1,-0.793374672129888,1.12326663126754,"Bradyzoite"
"TGME49_206650",-3.70074341541719e-17,1,-0.899822813207028,1.07660046716237,"Bradyzoite"
"TGME49_207015",1.85037170770859e-17,1,-1.0433890706614,0.950068712211446,"Bradyzoite"
"TGME49_207130",-6.108539600073e-15,1,-0.975045834367291,1.02321332746018,"Bradyzoite"
"TGME49_207140",0,1,-0.722606340178846,1.14129038655518,"Bradyzoite"
"TGME49_207160",1.85037170770859e-17,1,-0.783072007871054,1.12645006208559,"Bradyzoite"
"TGME49_207210",-2.5627648151764e-15,1,-0.960309726939957,1.03545110986318,"Bradyzoite"
"TGME49_207350",3.88578058618805e-16,1,-0.795682798032326,1.12252523606967,"Bradyzoite"
"TGME49_207610",-1.66533453693773e-16,1,-0.798227984364426,1.12169551957765,"Bradyzoite"
"TGME49_207730",-7.40148683083438e-17,1,-0.577350269189626,1.15470053837925,"Bradyzoite"
"TGME49_207740",7.40148683083438e-17,1,-1.15404584374514,0.610692535783711,"Bradyzoite"
"TGME49_207965",-2.03540887847945e-16,1,-1.12612160667444,0.78416619729164,"Bradyzoite"
"TGME49_207970",-9.25185853854297e-18,1,-1.08023920072905,0.893407658337327,"Bradyzoite"
"TGME49_208380",-1.25825276124184e-15,1,-1.12682614526218,0.781809795970029,"Bradyzoite"
"TGME49_208730",9.75145889962429e-15,1,-0.748504897622678,1.13570193083635,"Bradyzoite"
"TGME49_208740",0,1,-0.597988802890795,1.1544516147021,"Bradyzoite"
"TGME49_208810",4.37150315946155e-16,1,-0.98138822266962,1.01762661868658,"Bradyzoite"
"TGME49_209470",3.70074341541719e-17,1,-1.13198799905687,0.763357566311725,"Bradyzoite"
"TGME49_209510",0,1,-0.577350269189626,1.15470053837925,"Bradyzoite"
"TGME49_209515",7.40148683083438e-17,1,-0.577350269189626,1.15470053837925,"Bradyzoite"
"TGME49_209560",7.40148683083438e-17,1,-0.577350269189626,1.15470053837925,"Bradyzoite"
"TGME49_209585",7.40148683083438e-17,1,-0.577350269189626,1.15470053837925,"Bradyzoite"
"TGME49_209610",3.70074341541719e-17,1,-1.10397352630605,0.845128094103717,"Bradyzoite"
"TGME49_209755",1.85037170770859e-17,1,-1.11545213997011,0.816231181302185,"Bradyzoite"
"TGME49_209810",-1.85037170770859e-17,1,-1.14667969296629,0.69100148553364,"Bradyzoite"
"TGME49_209920",-1.29526019539602e-16,1,-1.12389317382561,0.791398325566393,"Bradyzoite"
"TGME49_209985",5.9211894646675e-16,1,-1.14794345828643,0.681996552369402,"Bradyzoite"
"TGME49_210095",-6.29126380620922e-16,1,-0.767113322725237,1.13098750269383,"Bradyzoite"
"TGME49_210210",0,1,-0.577350269189626,1.15470053837925,"Bradyzoite"
"TGME49_210320",1.85037170770859e-17,1,-0.908293104868045,1.07160321223848,"Bradyzoite"
"TGME49_210330",0,1,-0.577350269189626,1.15470053837925,"Bradyzoite"
"TGME49_210400",1.85037170770859e-17,1,-1.1411907760734,0.723116565103177,"Bradyzoite"
"TGME49_210678",1.85037170770859e-17,1,-1.10794531568224,0.835651345521481,"Bradyzoite"
"TGME49_210740",-1.85037170770859e-17,1,-1.13651298188812,0.745043598788032,"Bradyzoite"
"TGME49_210950",0,1,-0.577350269189626,1.15470053837925,"Bradyzoite"
"TGME49_211050",-3.88578058618805e-16,1,-0.921329308104075,1.06346165928792,"Bradyzoite"
"TGME49_211320",-1.48029736616688e-16,1,-0.577350269189626,1.15470053837925,"Bradyzoite"
"TGME49_211385",1.85037170770859e-17,1,-1.1329165324692,0.759784668579119,"Bradyzoite"
"TGME49_211910",3.70074341541719e-17,1,-1.14222833295349,0.717694610427199,"Bradyzoite"
"TGME49_212075",-5.14403334742989e-15,1,-0.721786746457126,1.1414495335906,"Bradyzoite"
"TGME49_212275",-8.67361737988404e-16,1,-1.01828808953766,0.980649108399436,"Bradyzoite"
"TGME49_212710",-7.40148683083438e-17,1,-1.15289349871888,0.632370227960105,"Bradyzoite"
"TGME49_212740",7.40148683083438e-17,1,-0.577350269189626,1.15470053837925,"Bradyzoite"
"TGME49_213340",0,1,-0.577350269189626,1.15470053837925,"Bradyzoite"
"TGME49_213700",-4.81096644004234e-16,1,-0.59408739729682,1.15453721074038,"Bradyzoite"
"TGME49_213860",7.40148683083438e-17,1,-0.577350269189626,1.15470053837925,"Bradyzoite"
"TGME49_214510",3.70074341541719e-17,1,-1.1429775389421,0.713621661883004,"Bradyzoite"
"TGME49_215328",8.32667268468867e-17,1,-1.03693333844069,0.958440462442951,"Bradyzoite"
"TGME49_215540",-5.55111512312578e-17,1,-1.14854406554248,0.677397670371051,"Bradyzoite"
"TGME49_215670",0,1,-0.577350269189626,1.15470053837925,"Bradyzoite"
"TGME49_215900",0,1,-0.577350269189626,1.15470053837925,"Bradyzoite"
"TGME49_216140",0,1,-0.584484698509196,1.15467102915019,"Bradyzoite"
"TGME49_216150",0,1,-0.577350269189626,1.15470053837925,"Bradyzoite"
"TGME49_216200",0,1,-1.15327681886149,0.626281478509357,"Bradyzoite"
"TGME49_216280",1.66533453693773e-16,1,-1.11690635868048,0.812205301408865,"Bradyzoite"
"TGME49_216290",1.48029736616688e-16,1,-0.675994622819104,1.14872134117538,"Bradyzoite"
"TGME49_216400",0,1,-1.14456325819362,0.70449815981405,"Bradyzoite"
"TGME49_217390",7.40148683083438e-17,1,-0.577350269189626,1.15470053837925,"Bradyzoite"
"TGME49_217800",1.48029736616688e-16,1,-1.14945305776589,0.669953893618503,"Bradyzoite"
"TGME49_217855",1.85037170770859e-17,1,-1.1436220286242,0.710001070879509,"Bradyzoite"
"TGME49_218130",8.51170985545953e-16,1,-0.898796696319747,1.07719080910022,"Bradyzoite"
"TGME49_218210",2.59052039079203e-16,1,-1.15243067246559,0.638886373166796,"Bradyzoite"
"TGME49_218290",1.66533453693773e-16,1,-1.11170787260508,0.826185592774566,"Bradyzoite"
"TGME49_218450",0,1,-0.577350269189626,1.15470053837925,"Bradyzoite"
"TGME49_218470",0,1,-1.1534450571493,0.623341999864978,"Bradyzoite"
"TGME49_218890",1.11022302462516e-16,1,-1.15196166962733,0.64481566452984,"Bradyzoite"
"TGME49_218900",7.40148683083438e-17,1,-0.577350269189626,1.15470053837925,"Bradyzoite"
"TGME49_219110",-4.81096644004234e-16,1,-1.09600845823106,0.862764605615621,"Bradyzoite"
"TGME49_219348",7.40148683083438e-17,1,-0.577350269189626,1.15470053837925,"Bradyzoite"
"TGME49_219370",1.38777878078145e-16,1,-1.08990105036593,0.875233396837603,"Bradyzoite"
"TGME49_219450",2.77555756156289e-17,1,-1.03396060971639,0.962170256638543,"Bradyzoite"
"TGME49_219610",8.51170985545953e-16,1,-1.15317973973669,0.627896457121919,"Bradyzoite"
"TGME49_219660",-5.55111512312578e-17,1,-1.11125860544281,0.827342817055852,"Bradyzoite"
"TGME49_219670",0,1,-0.577350269189626,1.15470053837925,"Bradyzoite"
"TGME49_219742",0,1,-0.577350269189626,1.15470053837925,"Bradyzoite"
"TGME49_220070",7.28583859910259e-17,1,-1.01330414729513,0.986142458124528,"Bradyzoite"
"TGME49_220080",5.55111512312578e-17,1,-1.09047156335739,0.874103273431333,"Bradyzoite"
"TGME49_220420",-2.59052039079203e-16,1,-1.15029835972428,0.662385999564204,"Bradyzoite"
"TGME49_220560",8.32667268468867e-16,1,-0.726916773027169,1.14043586612212,"Bradyzoite"
"TGME49_220720",1.5080529417825e-15,1,-0.857858835464218,1.09830126044136,"Bradyzoite"
"TGME49_221275",0,1,-1.15456979061488,0.592333116120404,"Bradyzoite"
"TGME49_221420",-2.22044604925031e-16,1,-0.630164767424547,1.1530377968594,"Bradyzoite"
"TGME49_221550",2.18343861509614e-15,1,-0.612447905085756,1.15397431241721,"Bradyzoite"
"TGME49_221560",-7.40148683083438e-17,1,-0.577350269189626,1.15470053837925,"Bradyzoite"
"TGME49_221665",0,1,-1.08068948934685,0.892598446870343,"Bradyzoite"
"TGME49_221840",4.51490696680897e-15,1,-1.146908752048,0.689429527917685,"Bradyzoite"
"TGME49_221930",0,1,-0.577350269189626,1.15470053837925,"Bradyzoite"
"TGME49_222188",7.40148683083438e-17,1,-0.577350269189626,1.15470053837925,"Bradyzoite"
"TGME49_222370",0,1,-0.603536767720406,1.15429845811401,"Bradyzoite"
"TGME49_222385",-1.85037170770859e-17,1,-0.917825618090362,1.06570527857886,"Bradyzoite"
"TGME49_222700",-4.62592926927149e-17,1,-1.02990742059034,0.967135121633273,"Bradyzoite"
"TGME49_223430",2.59052039079203e-16,1,-1.12916122931549,0.773736510242944,"Bradyzoite"
"TGME49_223725",2.77555756156289e-16,1,-0.680504172701004,1.14814165380536,"Bradyzoite"
"TGME49_223830",1.85037170770859e-17,1,-1.10210999533019,0.84940909709221,"Bradyzoite"
"TGME49_223900",-9.25185853854297e-18,1,-0.85223738959384,1.10085462376003,"Bradyzoite"
"TGME49_224010",-1.85037170770859e-16,1,-0.733066902337035,1.13916511472075,"Bradyzoite"
"TGME49_224100",7.40148683083438e-17,1,-0.577350269189626,1.15470053837925,"Bradyzoite"
"TGME49_224140",-3.33066907387547e-16,1,-1.15369797924974,0.618511076782096,"Bradyzoite"
"TGME49_224170",7.7715611723761e-16,1,-1.10671466243099,0.838641386097984,"Bradyzoite"
"TGME49_224180",-1.85037170770859e-17,1,-1.1370690381827,0.742619273750411,"Bradyzoite"
"TGME49_224680",-2.96059473233375e-16,1,-1.00621573486341,0.993666142445963,"Bradyzoite"
"TGME49_224905",0,1,-0.577350269189626,1.15470053837925,"Bradyzoite"
"TGME49_224932",-3.70074341541719e-16,1,-1.15265484781493,0.635826174789819,"Bradyzoite"
"TGME49_225140",-2.77555756156289e-16,1,-1.13245339019109,0.76157763387887,"Bradyzoite"
"TGME49_225290",2.65528340056183e-15,1,-1.08408494537175,0.886382237182726,"Bradyzoite"
"TGME49_225370",0,1,-0.577350269189626,1.15470053837925,"Bradyzoite"
"TGME49_225413",-7.40148683083438e-17,1,-1.12966069245404,0.77195359442285,"Bradyzoite"
"TGME49_225590",1.11022302462516e-15,1,-0.882338688117531,1.08623432496245,"Bradyzoite"
"TGME49_225953",-7.40148683083438e-17,1,-0.577350269189626,1.15470053837925,"Bradyzoite"
"TGME49_225955",-7.40148683083438e-17,1,-0.577350269189626,1.15470053837925,"Bradyzoite"
"TGME49_226230",1.36464913443509e-16,1,-1.02895190550729,0.96828591530921,"Bradyzoite"
"TGME49_226245",-7.40148683083438e-17,1,-1.14154902039065,0.721271604964146,"Bradyzoite"
"TGME49_227370",5.73615229389664e-16,1,-1.13429111613685,0.754329285699238,"Bradyzoite"
"TGME49_228050",4.62592926927149e-17,1,-1.03439688423501,0.961627642793697,"Bradyzoite"
"TGME49_228065",3.70074341541719e-17,1,-1.12760267099846,0.779171162234203,"Bradyzoite"
"TGME49_228220",-1.85037170770859e-17,1,-0.965250536509061,1.03145907855299,"Bradyzoite"
"TGME49_228430",-7.40148683083438e-17,1,-0.577350269189626,1.15470053837925,"Bradyzoite"
"TGME49_229330",7.40148683083438e-17,1,-1.14468121631938,0.703789019158821,"Bradyzoite"
"TGME49_229405",-1.48029736616688e-16,1,-1.14457248599901,0.704442847906445,"Bradyzoite"
"TGME49_229720",5.55111512312578e-16,1,-1.10343022160513,0.846386639010387,"Bradyzoite"
"TGME49_229915",5.08852219619863e-17,1,-1.00953434427391,0.990184833330474,"Bradyzoite"
"TGME49_230130",1.38777878078145e-16,1,-1.09212174708257,0.870795483895632,"Bradyzoite"
"TGME49_230135",-2.47487215906024e-16,1,-1.02751125815235,0.970007161432648,"Bradyzoite"
"TGME49_230460",-9.25185853854297e-18,1,-0.927767053155797,1.05922899041294,"Bradyzoite"
"TGME49_230830",-1.94289029309402e-16,1,-1.01702718689164,0.982055329560453,"Bradyzoite"
"TGME49_231060",-3.79326200080262e-16,1,-1.09005910912483,0.874920982096509,"Bradyzoite"
"TGME49_231090",7.21644966006352e-16,1,-0.705201919233983,1.14444544550518,"Bradyzoite"
"TGME49_231390",-7.40148683083438e-17,1,-0.577350269189626,1.15470053837925,"Bradyzoite"
"TGME49_231470",-8.78926561161582e-17,1,-1.0462118487843,0.946285053836772,"Bradyzoite"
"TGME49_231770",0,1,-0.577350269189626,1.15470053837925,"Bradyzoite"
"TGME49_231880",6.47630097698008e-17,1,-1.02781915247755,0.969640683746528,"Bradyzoite"
"TGME49_231996",0,1,-0.577350269189626,1.15470053837925,"Bradyzoite"
"TGME49_232110",-5.55111512312578e-17,1,-1.13067158415247,0.768279938561428,"Bradyzoite"
"TGME49_232170",-3.70074341541719e-17,1,-1.14330570199334,0.711792259594449,"Bradyzoite"
"TGME49_232655",0,1,-1.1483120777983,0.679201405226825,"Bradyzoite"
"TGME49_233040",1.29526019539602e-16,1,-1.10192653298901,0.849825169254147,"Bradyzoite"
"TGME49_233180",-2.77555756156289e-17,1,-1.0669514057542,0.915851203294367,"Bradyzoite"
"TGME49_233270",0,1,-0.577350269189626,1.15470053837925,"Bradyzoite"
"TGME49_233290",7.40148683083438e-17,1,-0.577350269189626,1.15470053837925,"Bradyzoite"
"TGME49_233320",2.22044604925031e-16,1,-1.08980043139634,0.875432006599235,"Bradyzoite"
"TGME49_233920",-6.66133814775094e-16,1,-1.12179516098245,0.797924398799349,"Bradyzoite"
"TGME49_233950",-7.95659834314696e-16,1,-0.943055328683572,1.04857617641087,"Bradyzoite"
"TGME49_233960",2.77555756156289e-16,1,-0.793970736253935,1.12307616994124,"Bradyzoite"
"TGME49_234940",-1.85037170770859e-17,1,-1.12457536032353,0.789218714211548,"Bradyzoite"
"TGME49_235000",1.23281015026085e-15,1,-0.972065511968038,1.02577017393069,"Bradyzoite"
"TGME49_235010",3.70074341541719e-17,1,-0.776470316131274,1.12838405263027,"Bradyzoite"
"TGME49_235200",0,1,-0.577350269189626,1.15470053837925,"Bradyzoite"
"TGME49_235315",0,1,-0.577350269189626,1.15470053837925,"Bradyzoite"
"TGME49_235390",2.22044604925031e-16,1,-0.611789069635977,1.15400160394633,"Bradyzoite"
"TGME49_235580",-1.48029736616688e-16,1,-0.636103550040508,1.15263502743993,"Bradyzoite"
"TGME49_235650",-2.59052039079203e-16,1,-0.61671696954262,1.15378449253818,"Bradyzoite"
"TGME49_235860",-1.85037170770859e-16,1,-1.15462574864722,0.588694237187569,"Bradyzoite"
"TGME49_235950",-5.55111512312578e-17,1,-1.12826181376516,0.776895940897849,"Bradyzoite"
"TGME49_237045",6.47630097698008e-17,1,-1.04702428889991,0.945181569284422,"Bradyzoite"
"TGME49_237490",7.40148683083438e-17,1,-0.577350269189626,1.15470053837925,"Bradyzoite"
"TGME49_237585",-2.96059473233375e-16,1,-1.15397173828609,0.612509388503218,"Bradyzoite"
"TGME49_238060",0,1,-0.627234110168253,1.15321995424603,"Bradyzoite"
"TGME49_238160",0,1,-1.14128508210481,0.722633563891793,"Bradyzoite"
"TGME49_238165",7.40148683083438e-17,1,-0.577350269189626,1.15470053837925,"Bradyzoite"
"TGME49_238200",-2.22044604925031e-15,1,-0.609195669263564,1.15410385427666,"Bradyzoite"
"TGME49_238220",1.20274161001059e-15,1,-1.13898040661081,0.733936927254224,"Bradyzoite"
"TGME49_238270",1.20274161001059e-16,1,-0.921232241989939,1.06352437872465,"Bradyzoite"
"TGME49_238440",-8.14163551391781e-16,1,-1.15470006663939,0.5782539565722,"Bradyzoite"
"TGME49_238460",-1.85037170770859e-17,1,-1.14935758936857,0.670766508886773,"Bradyzoite"
"TGME49_238915",5.55111512312578e-17,1,-1.12205547322095,0.79712863932196,"Bradyzoite"
"TGME49_238980",9.25185853854297e-17,1,-1.14562177768311,0.69796302375601,"Bradyzoite"
"TGME49_239365",-1.85037170770859e-16,1,-1.14273290381101,0.714967053961133,"Bradyzoite"
"TGME49_239510",3.70074341541719e-17,1,-1.06908383446736,0.912423930778148,"Bradyzoite"
"TGME49_239520",7.40148683083438e-17,1,-1.07042513456562,0.910235931178487,"Bradyzoite"
"TGME49_239550",0,1,-1.15135900585205,0.651701405904923,"Bradyzoite"
"TGME49_239570",7.40148683083438e-17,1,-0.577350269189626,1.15470053837925,"Bradyzoite"
"TGME49_239650",-7.40148683083438e-17,1,-0.577350269189626,1.15470053837925,"Bradyzoite"
"TGME49_239670",7.40148683083438e-17,1,-0.577350269189626,1.15470053837925,"Bradyzoite"
"TGME49_239755",-7.40148683083438e-17,1,-0.577350269189626,1.15470053837925,"Bradyzoite"
"TGME49_239880",2.53269627492614e-16,1,-1.01326156026109,0.986188657631211,"Bradyzoite"
"TGME49_240330",-1.20274161001059e-16,1,-1.08287740056602,0.888616466719075,"Bradyzoite"
"TGME49_240390",2.96059473233375e-16,1,-0.838266464671316,1.10687010109841,"Bradyzoite"
"TGME49_240470",-3.14563190310461e-16,1,-1.13855912874135,0.735899889570848,"Bradyzoite"
"TGME49_240790",-7.40148683083438e-17,1,-1.11929360731285,0.805383177584734,"Bradyzoite"
"TGME49_240930",-4.44089209850063e-16,1,-0.883040091877414,1.0858647883731,"Bradyzoite"
"TGME49_240940",-1.85037170770859e-17,1,-1.1362801326621,0.746046207563011,"Bradyzoite"
"TGME49_242310",7.40148683083438e-17,1,-1.15201292677801,0.644194896442326,"Bradyzoite"
"TGME49_242370",-3.14563190310461e-16,1,-1.12419845263018,0.790426577563111,"Bradyzoite"
"TGME49_242390",7.40148683083438e-17,1,-0.577350269189626,1.15470053837925,"Bradyzoite"
"TGME49_242400",7.40148683083438e-17,1,-0.577350269189626,1.15470053837925,"Bradyzoite"
"TGME49_243470",1.58206781009085e-15,1,-0.916081424975342,1.06680677355823,"Bradyzoite"
"TGME49_243655",3.70074341541719e-17,1,-1.14466723422249,0.703873315199211,"Bradyzoite"
"TGME49_243670",-7.40148683083438e-17,1,-0.577350269189626,1.15470053837925,"Bradyzoite"
"TGME49_243720",-9.25185853854297e-18,1,-0.931362399549353,1.05680137412948,"Bradyzoite"
"TGME49_244030",9.25185853854297e-17,1,-1.141424573895,0.721915648621326,"Bradyzoite"
"TGME49_244335",5.55111512312578e-17,1,-1.09854335191867,0.857333160027814,"Bradyzoite"
"TGME49_244360",0,1,-1.14489025992004,0.702520952291355,"Bradyzoite"
"TGME49_244590",-2.22044604925031e-16,1,-0.790963987046298,1.12402984946459,"Bradyzoite"
"TGME49_244620",7.40148683083438e-16,1,-0.677042972047888,1.14858914400099,"Bradyzoite"
"TGME49_244850",3.88578058618805e-16,1,-0.781684298368754,1.12686337392101,"Bradyzoite"
"TGME49_245600",-2.22044604925031e-16,1,-0.859265987970546,1.09764981371196,"Bradyzoite"
"TGME49_246555",7.40148683083438e-17,1,-0.577350269189626,1.15470053837925,"Bradyzoite"
"TGME49_246650",7.40148683083438e-17,1,-1.06149719719917,0.924344552915332,"Bradyzoite"
"TGME49_246660",7.40148683083438e-17,1,-0.577350269189626,1.15470053837925,"Bradyzoite"
"TGME49_247340",-1.94289029309402e-16,1,-0.905345742362209,1.07336749423657,"Bradyzoite"
"TGME49_247750",0,1,-0.577350269189626,1.15470053837925,"Bradyzoite"
"TGME49_247850",-4.07081775695891e-16,1,-1.15263437175954,0.636112702257443,"Bradyzoite"
"TGME49_248225",0,1,-1.0748682836011,0.902801942354075,"Bradyzoite"
"TGME49_248330",8.14163551391781e-16,1,-1.15420390526853,0.606427859221321,"Bradyzoite"
"TGME49_248677",-1.11022302462516e-16,1,-0.806624145436436,1.11886648434546,"Bradyzoite"
"TGME49_248730",7.40148683083438e-17,1,-0.577350269189626,1.15470053837925,"Bradyzoite"
"TGME49_248760",-1.85037170770859e-17,1,-1.13909851119443,0.733381292592371,"Bradyzoite"
"TGME49_249230",7.40148683083438e-17,1,-0.577350269189626,1.15470053837925,"Bradyzoite"
"TGME49_249750",4.16333634234434e-17,1,-1.03838829297547,0.956586778751495,"Bradyzoite"
"TGME49_250360",-4.81096644004234e-16,1,-0.636782422546288,1.15258609842606,"Bradyzoite"
"TGME49_250720",0,1,-1.13520228469784,0.750595212232647,"Bradyzoite"
"TGME49_250920",-3.33066907387547e-16,1,-1.15420916420947,0.606274839922477,"Bradyzoite"
"TGME49_251857",-1.55431223447522e-15,1,-1.14494091186983,0.702211471982314,"Bradyzoite"
"TGME49_251900",0,1,-1.14815950254838,0.680368591379285,"Bradyzoite"
"TGME49_251940",-2.59052039079203e-16,1,-1.08190651505149,0.890393838335783,"Bradyzoite"
"TGME49_251962",7.40148683083438e-17,1,-0.577350269189626,1.15470053837925,"Bradyzoite"
"TGME49_252080",1.11022302462516e-16,1,-1.15007183369777,0.664484689905246,"Bradyzoite"
"TGME49_252090",-7.40148683083438e-17,1,-0.577350269189626,1.15470053837925,"Bradyzoite"
"TGME49_252255",-1.33226762955019e-15,1,-1.08070809197543,0.892564941551885,"Bradyzoite"
"TGME49_252260",3.56196553733904e-16,1,-0.938166502980559,1.05207785653729,"Bradyzoite"
"TGME49_252330",-9.25185853854297e-17,1,-1.14568252474781,0.697575637610268,"Bradyzoite"
"TGME49_252350",-3.70074341541719e-17,1,-1.15467234820562,0.584323750005116,"Bradyzoite"
"TGME49_252640",3.70074341541719e-17,1,-0.779714588213092,1.12744381153739,"Bradyzoite"
"TGME49_253110",-1.38777878078145e-17,1,-1.03794972539667,0.957147517780476,"Bradyzoite"
"TGME49_253150",1.48029736616688e-16,1,-1.15404902846808,0.610612159565447,"Bradyzoite"
"TGME49_253330",-3.75625456664845e-15,1,-1.12634564516651,0.783420673221666,"Bradyzoite"
"TGME49_253790",4.62592926927149e-18,1,-0.954829005277798,1.03975441586768,"Bradyzoite"
"TGME49_254020",3.70074341541719e-17,1,-0.601316840578885,1.15436419098985,"Bradyzoite"
"TGME49_254190",-1.01770443923973e-16,1,-1.069423574316,0.911872116491411,"Bradyzoite"
"TGME49_254430",-3.33066907387547e-16,1,-1.15469990772176,0.578395100031709,"Bradyzoite"
"TGME49_254750",0,1,-0.577350269189626,1.15470053837925,"Bradyzoite"
"TGME49_254790",3.70074341541719e-17,1,-1.15410818385934,0.609081033114696,"Bradyzoite"
"TGME49_255480",-1.85037170770859e-17,1,-1.14678525402549,0.690280119338792,"Bradyzoite"
"TGME49_255620",0,1,-0.577350269189626,1.15470053837925,"Bradyzoite"
"TGME49_255710",9.25185853854297e-18,1,-0.92512178583888,1.06098570943753,"Bradyzoite"
"TGME49_256020",7.40148683083438e-17,1,-1.11614771512085,0.81431731313125,"Bradyzoite"
"TGME49_256080",-1.11022302462516e-16,1,-1.1538361278469,0.615604528694133,"Bradyzoite"
"TGME49_256850",7.40148683083438e-17,1,-0.577350269189626,1.15470053837925,"Bradyzoite"
"TGME49_256865",-3.05311331771918e-16,1,-1.07833749016667,0.896787526715101,"Bradyzoite"
"TGME49_257000",-2.59052039079203e-16,1,-1.07284367481191,0.906225619244453,"Bradyzoite"
"TGME49_257690",-4.94974431812049e-16,1,-1.05540205627251,0.933403967134506,"Bradyzoite"
"TGME49_257925",3.14563190310461e-16,1,-0.917237048928176,1.06607810917335,"Bradyzoite"
"TGME49_258120",7.40148683083438e-17,1,-0.577350269189626,1.15470053837925,"Bradyzoite"
"TGME49_258200",-2.59052039079203e-16,1,-0.681709644580342,1.14798180756858,"Bradyzoite"
"TGME49_258370",-1.85037170770859e-17,1,-1.12905935231025,0.774097646562265,"Bradyzoite"
"TGME49_258520",7.40148683083438e-17,1,-0.577350269189626,1.15470053837925,"Bradyzoite"
"TGME49_258840",3.70074341541719e-17,1,-1.13181444231036,0.764015906308717,"Bradyzoite"
"TGME49_258910",6.36065274524829e-17,1,-0.986589427156819,1.01289165031571,"Bradyzoite"
"TGME49_259020",-3.70074341541719e-17,1,-1.02640673477793,0.9713157019772,"Bradyzoite"
"TGME49_259150",3.70074341541719e-17,1,-1.14905668607674,0.673278275376382,"Bradyzoite"
"TGME49_259155",7.40148683083438e-17,1,-0.577350269189626,1.15470053837925,"Bradyzoite"
"TGME49_259180",7.40148683083438e-17,1,-0.577350269189626,1.15470053837925,"Bradyzoite"
"TGME49_259205",-7.40148683083438e-17,1,-1.14665979307036,0.691136896398847,"Bradyzoite"
"TGME49_259280",-7.40148683083438e-17,1,-0.577350269189626,1.15470053837925,"Bradyzoite"
"TGME49_259900",0,1,-0.577350269189626,1.15470053837925,"Bradyzoite"
"TGME49_259960",-9.25185853854297e-18,1,-1.09807861002791,0.858340977575507,"Bradyzoite"
"TGME49_260000",-2.77555756156289e-17,1,-1.03885765263991,0.955984759922533,"Bradyzoite"
"TGME49_260190",3.14563190310461e-15,1,-0.808563112142967,1.11819280423981,"Bradyzoite"
"TGME49_261040",7.40148683083438e-17,1,-0.577350269189626,1.15470053837925,"Bradyzoite"
"TGME49_262160",3.70074341541719e-17,1,-1.14779878931844,0.68307106877548,"Bradyzoite"
"TGME49_262440",1.57281595155231e-16,1,-1.07458792122872,0.903279752226557,"Bradyzoite"
"TGME49_262630",-2.2389497663274e-15,1,-1.14177642012278,0.720085913926798,"Bradyzoite"
"TGME49_262890",1.85037170770859e-17,1,-1.0928678135855,0.869280552309837,"Bradyzoite"
"TGME49_262970",1.85037170770859e-17,1,-0.891708167933676,1.08118266622194,"Bradyzoite"
"TGME49_263380",0,1,-1.14851860424261,0.67759739665307,"Bradyzoite"
"TGME49_263410",0,1,-0.577350269189626,1.15470053837925,"Bradyzoite"
"TGME49_264150",-7.95659834314696e-16,1,-1.10074350979379,0.852485631167321,"Bradyzoite"
"TGME49_264178",-1.29526019539602e-16,1,-1.09771295076771,0.859130077689363,"Bradyzoite"
"TGME49_264660",1.85037170770859e-17,1,-1.03626085385715,0.959290921615533,"Bradyzoite"
"TGME49_265050",-1.11022302462516e-16,1,-0.966851864964408,1.0301416752692,"Bradyzoite"
"TGME49_265060",-6.66133814775094e-16,1,-1.10119885158697,0.851466201871623,"Bradyzoite"
"TGME49_265205",-8.23415409930324e-16,1,-0.975827447422083,1.02253564118476,"Bradyzoite"
"TGME49_265538",-7.40148683083438e-17,1,-0.577350269189626,1.15470053837925,"Bradyzoite"
"TGME49_266150",3.70074341541719e-17,1,-1.14461634299922,0.704179588055006,"Bradyzoite"
"TGME49_266270",0,1,-0.577350269189626,1.15470053837925,"Bradyzoite"
"TGME49_266340",-7.40148683083438e-17,1,-1.1151817248609,0.816969524625709,"Bradyzoite"
"TGME49_266610",7.7715611723761e-16,1,-1.10242292586352,0.848697209477514,"Bradyzoite"
"TGME49_266670",1.36927506370436e-15,1,-1.1071101580376,0.837685900080992,"Bradyzoite"
"TGME49_266700",-5.55111512312578e-17,1,-1.13954759874859,0.731246560667758,"Bradyzoite"
"TGME49_266770",-9.25185853854297e-17,1,-1.10517990602414,0.842301933244772,"Bradyzoite"
"TGME49_266785",3.33066907387547e-16,1,-1.13779647025043,0.739381061868089,"Bradyzoite"
"TGME49_266860",-1.20274161001059e-16,1,-1.08378911355704,0.886932044598945,"Bradyzoite"
"TGME49_267030",0,1,-1.15469714866685,0.57977161900495,"Bradyzoite"
"TGME49_267045",1.11022302462516e-16,1,-0.902773079020857,1.074885196964,"Bradyzoite"
"TGME49_267470",4.71844785465692e-16,1,-1.03952372885607,0.955127013307545,"Bradyzoite"
"TGME49_267990",-7.40148683083438e-17,1,-0.577350269189626,1.15470053837925,"Bradyzoite"
"TGME49_268270",-7.40148683083438e-17,1,-0.577350269189626,1.15470053837925,"Bradyzoite"
"TGME49_268310",2.40548322002117e-16,1,-1.10344144020069,0.846360739506868,"Bradyzoite"
"TGME49_268360",3.70074341541719e-17,1,-1.12022082943729,0.802657255496105,"Bradyzoite"
"TGME49_268820",6.47630097698008e-17,1,-0.951962830722413,1.04195409729226,"Bradyzoite"
"TGME49_268860",4.62592926927149e-18,1,-1.04642839694963,0.945991571974237,"Bradyzoite"
"TGME49_268930",-3.63135447637812e-16,1,-1.00340931857998,0.996555449468351,"Bradyzoite"
"TGME49_268940",-6.01370805005293e-17,1,-0.965375087043952,1.0313570305414,"Bradyzoite"
"TGME49_269110",-7.40148683083438e-17,1,-0.577350269189626,1.15470053837925,"Bradyzoite"
"TGME49_269120",7.40148683083438e-17,1,-1.14304882765747,0.713226683370062,"Bradyzoite"
"TGME49_269160",-9.25185853854297e-17,1,-1.10439029388736,0.844156718174455,"Bradyzoite"
"TGME49_269300",-1.99840144432528e-15,1,-1.10216500029796,0.849284166959624,"Bradyzoite"
"TGME49_269310",-1.72084568816899e-15,1,-0.974032209106293,1.02408774010807,"Bradyzoite"
"TGME49_269315",-9.25185853854297e-18,1,-0.986948536791669,1.01255946303501,"Bradyzoite"
"TGME49_269400",1.66533453693773e-16,1,-1.13303960720225,0.759304492783727,"Bradyzoite"
"TGME49_270820",7.40148683083438e-17,1,-0.577350269189626,1.15470053837925,"Bradyzoite"
"TGME49_270950",0,1,-0.577350269189626,1.15470053837925,"Bradyzoite"
"TGME49_271210",7.40148683083438e-17,1,-0.577350269189626,1.15470053837925,"Bradyzoite"
"TGME49_271285",5.55111512312578e-17,1,-1.1497065478633,0.667757204689138,"Bradyzoite"
"TGME49_271320",3.70074341541719e-17,1,-1.13016513373627,0.770131531423345,"Bradyzoite"
"TGME49_271580",0,1,-1.14832040479895,0.679137275809754,"Bradyzoite"
"TGME49_271590",7.40148683083438e-17,1,-0.577350269189626,1.15470053837925,"Bradyzoite"
"TGME49_272020",0,1,-1.11767747360226,0.810031488988659,"Bradyzoite"
"TGME49_272200",-9.48315500200654e-16,1,-0.976607204053198,1.02185657666318,"Bradyzoite"
"TGME49_272240",-3.70074341541719e-17,1,-1.1544161653109,0.599400152222244,"Bradyzoite"
"TGME49_272260",-7.40148683083438e-17,1,-1.12492486410516,0.788090527795323,"Bradyzoite"
"TGME49_272360",-7.40148683083438e-17,1,-0.577350269189626,1.15470053837925,"Bradyzoite"
"TGME49_272430",3.70074341541719e-17,1,-0.92630384242283,1.06020375617596,"Bradyzoite"
"TGME49_272440",-3.97829917157348e-16,1,-0.871404233677069,1.09182024351029,"Bradyzoite"
"TGME49_272590",-1.07321559047098e-15,1,-0.94318465097052,1.0484822938763,"Bradyzoite"
"TGME49_272905",7.40148683083438e-17,1,-0.577350269189626,1.15470053837925,"Bradyzoite"
"TGME49_273510",-7.40148683083438e-17,1,-1.11023118864474,0.829961061485959,"Bradyzoite"
"TGME49_273740",1.85037170770859e-16,1,-1.15114311542016,0.654007173762821,"Bradyzoite"
"TGME49_273750",0,1,-0.577350269189626,1.15470053837925,"Bradyzoite"
"TGME49_274020",-1.11022302462516e-16,1,-1.15448038302845,0.596766683822657,"Bradyzoite"
"TGME49_274140",3.0993726104119e-16,1,-0.941182904983827,1.04992818922164,"Bradyzoite"
"TGME49_274170",0,1,-1.15272887242454,0.634777705330997,"Bradyzoite"
"TGME49_275590",2.72929826887018e-16,1,-0.96474145428143,1.03187545395679,"Bradyzoite"
"TGME49_275660",-7.40148683083438e-17,1,-1.15351633209791,0.622035684615458,"Bradyzoite"
"TGME49_275710",0,1,-0.577350269189626,1.15470053837925,"Bradyzoite"
"TGME49_275790",2.27595720048157e-15,1,-1.13016560015373,0.770129836563303,"Bradyzoite"
"TGME49_275795",-4.9960036108132e-16,1,-1.09858519754327,0.85724214464582,"Bradyzoite"
"TGME49_275798",0,1,-1.09884809124974,0.85666931290754,"Bradyzoite"
"TGME49_276840",-7.40148683083438e-17,1,-0.577350269189626,1.15470053837925,"Bradyzoite"
"TGME49_276860",3.70074341541719e-17,1,-1.13831878681435,0.737006808308695,"Bradyzoite"
"TGME49_276980",3.70074341541719e-17,1,-1.1341780106621,0.754786048722572,"Bradyzoite"
"TGME49_277060",5.55111512312578e-17,1,-1.10498891917912,0.842752304218302,"Bradyzoite"
"TGME49_277980",-7.40148683083438e-17,1,-0.577350269189626,1.15470053837925,"Bradyzoite"
"TGME49_278070",7.40148683083438e-17,1,-0.577350269189626,1.15470053837925,"Bradyzoite"
"TGME49_278080",-2.18343861509614e-15,1,-1.140503410777,0.726581413072355,"Bradyzoite"
"TGME49_278110",-8.51170985545953e-16,1,-1.12591730797102,0.784842997075501,"Bradyzoite"
"TGME49_278120",0,1,-0.577350269189626,1.15470053837925,"Bradyzoite"
"TGME49_278180",-1.57281595155231e-16,1,-0.911279537575638,1.06978731074899,"Bradyzoite"
"TGME49_278240",7.40148683083438e-17,1,-1.12809909458231,0.777460710546331,"Bradyzoite"
"TGME49_278245",3.70074341541719e-17,1,-1.13533479414095,0.750043872827876,"Bradyzoite"
"TGME49_278340",7.40148683083438e-17,1,-0.577350269189626,1.15470053837925,"Bradyzoite"
"TGME49_278350",3.70074341541719e-17,1,-1.13912807258033,0.733241846926071,"Bradyzoite"
"TGME49_278460",0,1,-0.577350269189626,1.15470053837925,"Bradyzoite"
"TGME49_278522",0,1,-0.577350269189626,1.15470053837925,"Bradyzoite"
"TGME49_278680",-6.66133814775094e-16,1,-1.11660885066769,0.813036649361238,"Bradyzoite"
"TGME49_278840",3.65448412272447e-16,1,-1.04301831267172,0.950559968680474,"Bradyzoite"
"TGME49_278860",1.48029736616688e-16,1,-0.879002165735021,1.08797343730898,"Bradyzoite"
"TGME49_278910",-3.14563190310461e-16,1,-1.15124327520527,0.652946866157022,"Bradyzoite"
"TGME49_279000",0,1,-0.577350269189626,1.15470053837925,"Bradyzoite"
"TGME49_279460",7.40148683083438e-17,1,-1.13070906277918,0.768142010075469,"Bradyzoite"
"TGME49_280420",-5.55111512312578e-16,1,-0.742099230259095,1.1371870370955,"Bradyzoite"
"TGME49_280435",-2.59052039079203e-16,1,-0.647415585861386,1.15174148450841,"Bradyzoite"
"TGME49_280570",-4.57966997657877e-15,1,-0.862072540233001,1.09633560239646,"Bradyzoite"
"TGME49_280580",-1.96601993944038e-17,1,-0.991750543138584,1.00805018811465,"Bradyzoite"
"TGME49_280605",0,1,-0.577350269189626,1.15470053837925,"Bradyzoite"
"TGME49_281470",0,1,-0.577350269189626,1.15470053837925,"Bradyzoite"
"TGME49_281590",-4.9960036108132e-16,1,-0.925815868553406,1.06052715514483,"Bradyzoite"
"TGME49_282020",3.70074341541719e-17,1,-1.14374835197074,0.709277889629369,"Bradyzoite"
"TGME49_282030",9.25185853854297e-18,1,-1.0907646752962,0.873519987643457,"Bradyzoite"
"TGME49_282200",2.86807614694832e-16,1,-0.915510062409454,1.067165397231,"Bradyzoite"
"TGME49_282230",-1.85037170770859e-17,1,-1.14994607553307,0.665626319695884,"Bradyzoite"
"TGME49_283480",7.40148683083438e-17,1,-0.577350269189626,1.15470053837925,"Bradyzoite"
"TGME49_283495",7.40148683083438e-17,1,-0.577350269189626,1.15470053837925,"Bradyzoite"
"TGME49_283500",7.40148683083438e-17,1,-0.577350269189626,1.15470053837925,"Bradyzoite"
"TGME49_283882",7.40148683083438e-17,1,-0.577350269189626,1.15470053837925,"Bradyzoite"
"TGME49_284670",0,1,-0.577350269189626,1.15470053837925,"Bradyzoite"
"TGME49_285690",3.70074341541719e-17,1,-1.10989795743788,0.83080200671829,"Bradyzoite"
"TGME49_285790",-7.40148683083438e-17,1,-0.577350269189626,1.15470053837925,"Bradyzoite"
"TGME49_286000",7.21644966006352e-16,1,-1.08130560736322,0.891485580961103,"Bradyzoite"
"TGME49_286040",0,1,-0.577350269189626,1.15470053837925,"Bradyzoite"
"TGME49_286670",3.70074341541719e-17,1,-0.779895187980665,1.12739089474196,"Bradyzoite"
"TGME49_286740",-9.80697005085555e-16,1,-0.664169660463563,1.15010622151063,"Bradyzoite"
"TGME49_287510",-1.85037170770859e-17,1,-0.964923127607275,1.03172699905006,"Bradyzoite"
"TGME49_287960",9.25185853854297e-17,1,-1.13164610963671,0.764651654139647,"Bradyzoite"
"TGME49_288050",-3.70074341541719e-17,1,-1.15370351225161,0.618398770022416,"Bradyzoite"
"TGME49_288220",1.38777878078145e-17,1,-0.953542471429784,1.04074602804579,"Bradyzoite"
"TGME49_289020",0,1,-1.13259229113023,0.761042202147241,"Bradyzoite"
"TGME49_289160",7.40148683083438e-17,1,-0.577350269189626,1.15470053837925,"Bradyzoite"
"TGME49_289240",1.85037170770859e-16,1,-0.74862287868632,1.13567392799791,"Bradyzoite"
"TGME49_289660",-1.11022302462516e-16,1,-1.14740898825737,0.685907258130522,"Bradyzoite"
"TGME49_289930",4.39463280580791e-17,1,-0.979974584165383,1.01888932534822,"Bradyzoite"
"TGME49_290645",1.85037170770859e-17,1,-1.14950644098499,0.669496065079896,"Bradyzoite"
"TGME49_290970",2.94209101525666e-15,1,-1.12763956058201,0.779044699986207,"Bradyzoite"
"TGME49_291040",1.38777878078145e-17,1,-1.04670775216329,0.94561228176584,"Bradyzoite"
"TGME49_291160",0,1,-0.862692035968261,1.09604281977251,"Bradyzoite"
"TGME49_291340",7.40148683083438e-16,1,-0.617703666736349,1.15373740850563,"Bradyzoite"
"TGME49_291830",-3.51570624464633e-16,1,-0.809110072831814,1.11800136763611,"Bradyzoite"
"TGME49_292270",0,1,-0.577350269189626,1.15470053837925,"Bradyzoite"
"TGME49_292275",3.70074341541719e-17,1,-1.15166927387861,0.648246049734078,"Bradyzoite"
"TGME49_292280",1.12872674170224e-15,1,-1.14352968209573,0.710526866200733,"Bradyzoite"
"TGME49_292390",-1.14723045877933e-15,1,-0.764875422850124,1.13158668902557,"Bradyzoite"
"TGME49_293250",-1.85037170770859e-17,1,-1.1102620137668,0.829883068913626,"Bradyzoite"
"TGME49_293420",-5.20417042793042e-17,1,-1.01379726274934,0.985606613897898,"Bradyzoite"
"TGME49_293620",-3.70074341541719e-17,1,-1.13739058833097,0.741197430911949,"Bradyzoite"
"TGME49_293780",4.8664775912736e-15,1,-1.13235475986913,0.761956651951011,"Bradyzoite"
"TGME49_293790",-1.85037170770859e-17,1,-1.13240282707834,0.761772060413219,"Bradyzoite"
"TGME49_293800",4.81096644004234e-16,1,-1.10126953217832,0.851307450451758,"Bradyzoite"
"TGME49_293850",1.54968630520595e-15,1,-1.04434258064082,0.948799267245686,"Bradyzoite"
"TGME49_294240",9.25185853854297e-17,1,-0.720602057656791,1.14167770231923,"Bradyzoite"
"TGME49_294260",-3.23815048849004e-17,1,-1.04818742390998,0.943590247420685,"Bradyzoite"
"TGME49_294320",1.85037170770859e-16,1,-1.15411928114118,0.608785240227971,"Bradyzoite"
"TGME49_294570",3.02998367137282e-16,1,-1.02938591120528,0.967764124801315,"Bradyzoite"
"TGME49_294585",1.11022302462516e-16,1,-1.14055059583665,0.72634660774975,"Bradyzoite"
"TGME49_294850",-1.48029736616688e-16,1,-0.808729291012214,1.11813470679627,"Bradyzoite"
"TGME49_295130",-3.70074341541719e-17,1,-1.06940264890971,0.91190615061522,"Bradyzoite"
"TGME49_295390",1.38777878078145e-17,1,-1.0348199671541,0.961099882813429,"Bradyzoite"
"TGME49_295740",-3.70074341541719e-16,1,-0.777820702951294,1.12799506620412,"Bradyzoite"
"TGME49_295945",3.70074341541719e-17,1,-1.15422301027455,0.605867929020755,"Bradyzoite"
"TGME49_297090",0,1,-0.577350269189626,1.15470053837925,"Bradyzoite"
"TGME49_297280",-3.14563190310461e-16,1,-1.14642640704575,0.692711613224125,"Bradyzoite"
"TGME49_297820",0,1,-0.577350269189626,1.15470053837925,"Bradyzoite"
"TGME49_298590",7.40148683083438e-17,1,-0.577350269189626,1.15470053837925,"Bradyzoite"
"TGME49_299230",-4.44089209850063e-16,1,-1.15090913177302,0.6564244849991,"Bradyzoite"
"TGME49_300070",2.77555756156289e-17,1,-1.06116458308044,0.924850342124832,"Bradyzoite"
"TGME49_300130",-3.70074341541719e-17,1,-0.588588920930799,1.15462713543372,"Bradyzoite"
"TGME49_301150",0,1,-0.577350269189626,1.15470053837925,"Bradyzoite"
"TGME49_301240",2.29446091755866e-15,1,-0.866773525936178,1.09408922327237,"Bradyzoite"
"TGME49_304730",3.70074341541719e-17,1,-1.15382408040217,0.615867060584472,"Bradyzoite"
"TGME49_305100",-2.96059473233375e-16,1,-0.819367050083557,1.11429563672311,"Bradyzoite"
"TGME49_305280",-1.85037170770859e-17,1,-1.14636472153542,0.693123779444768,"Bradyzoite"
"TGME49_305790",5.55111512312578e-16,1,-0.652051722036834,1.15132666305462,"Bradyzoite"
"TGME49_305830",0,1,-0.577350269189626,1.15470053837925,"Bradyzoite"
"TGME49_305890",-3.14563190310461e-16,1,-1.11126274245914,0.827332195513647,"Bradyzoite"
"TGME49_306450",-3.46944695195361e-16,1,-0.944025334695513,1.04787039768553,"Bradyzoite"
"TGME49_306455",2.4980018054066e-16,1,-1.05862555252474,0.928667198619594,"Bradyzoite"
"TGME49_306500",9.25185853854297e-18,1,-1.03137168991557,0.965357200428113,"Bradyzoite"
"TGME49_306620",-1.28600833685747e-15,1,-1.08707394699789,0.880735246505827,"Bradyzoite"
"TGME49_307603",2.22044604925031e-16,1,-0.84808686473076,1.10269024949736,"Bradyzoite"
"TGME49_309025",7.40148683083438e-17,1,-0.577350269189626,1.15470053837925,"Bradyzoite"
"TGME49_309352",-7.40148683083438e-17,1,-0.577350269189626,1.15470053837925,"Bradyzoite"
"TGME49_310160",-1.85037170770859e-17,1,-1.1159471525075,0.81487134698717,"Bradyzoite"
"TGME49_310260",-1.85037170770859e-16,1,-1.00478054428689,0.995149892411688,"Bradyzoite"
"TGME49_310580",1.29526019539602e-16,1,-0.840543237885756,1.10592116421612,"Bradyzoite"
"TGME49_310680",-4.51490696680897e-15,1,-1.14062765871955,0.725962176999468,"Bradyzoite"
"TGME49_310830",-7.40148683083438e-17,1,-0.577350269189626,1.15470053837925,"Bradyzoite"
"TGME49_311075",-7.40148683083438e-17,1,-0.577350269189626,1.15470053837925,"Bradyzoite"
"TGME49_311370",6.61507885505822e-16,1,-0.976220594727528,1.02219363619992,"Bradyzoite"
"TGME49_311700",-1.85037170770859e-17,1,-1.14670384639754,0.690836886035807,"Bradyzoite"
"TGME49_311755",-6.10622663543836e-16,1,-1.14187863619424,0.719549160141277,"Bradyzoite"
"TGME49_312240",2.59052039079203e-16,1,-1.15243043096602,0.638889582951725,"Bradyzoite"
"TGME49_312690",7.40148683083438e-17,1,-0.577350269189626,1.15470053837925,"Bradyzoite"
"TGME49_313050",-9.62193288008469e-16,1,-0.717559917756835,1.14225352149658,"Bradyzoite"
"TGME49_313220",-8.51170985545953e-16,1,-1.15399442695318,0.611963581900425,"Bradyzoite"
"TGME49_313725",-3.70074341541719e-17,1,-1.10626870371295,0.839712729249037,"Bradyzoite"
"TGME49_313740",3.70074341541719e-17,1,-0.897861092577355,1.07772629518242,"Bradyzoite"
"TGME49_313840",0,1,-0.577350269189626,1.15470053837925,"Bradyzoite"
"TGME49_313848",-2.59052039079203e-16,1,-1.14824585933564,0.67970978911973,"Bradyzoite"
"TGME49_313940",3.70074341541719e-17,1,-1.10334329140056,0.846587203090928,"Bradyzoite"
"TGME49_314055",1.01770443923973e-16,1,-1.09003652818502,0.874965646892806,"Bradyzoite"
"TGME49_314250",1.26634813746307e-15,1,-1.00615433117492,0.993729890428014,"Bradyzoite"
"TGME49_314670",-3.70074341541719e-17,1,-1.1374921728745,0.740745119826793,"Bradyzoite"
"TGME49_315100",-5.73615229389664e-16,1,-0.888047034256151,1.08318652349784,"Bradyzoite"
"TGME49_315340",4.90348502542778e-16,1,-0.859801394124126,1.09740063863259,"Bradyzoite"
"TGME49_315450",-1.85037170770859e-17,1,-0.756553583415814,1.13373692074551,"Bradyzoite"
"TGME49_315480",7.86407975776153e-17,1,-0.97796132226361,1.0206701749623,"Bradyzoite"
"TGME49_315520",-2.05391259555654e-15,1,-0.846989114772002,1.10316880258976,"Bradyzoite"
"TGME49_315540",-4.62592926927149e-18,1,-1.00509213306326,0.994828864363079,"Bradyzoite"
"TGME49_315550",-7.40148683083438e-17,1,-0.577350269189626,1.15470053837925,"Bradyzoite"
"TGME49_315560",-3.70074341541719e-16,1,-1.14095942008045,0.72429356278848,"Bradyzoite"
"TGME49_315730",7.40148683083438e-17,1,-1.15440220238315,0.599931397047677,"Bradyzoite"
"TGME49_315962",1.85037170770859e-17,1,-1.12654731161182,0.782746583578628,"Bradyzoite"
"TGME49_315970",3.70074341541719e-16,1,-1.15437217905503,0.601032560289744,"Bradyzoite"
"TGME49_316130",4.07081775695891e-16,1,-0.579535840775828,1.15469777704809,"Bradyzoite"
"TGME49_316190",0,1,-0.577350269189626,1.15470053837925,"Bradyzoite"
"TGME49_316320",5.55111512312578e-17,1,-1.13427088981218,0.754411074376421,"Bradyzoite"
"TGME49_316370",-2.77555756156289e-16,1,-0.857027865314012,1.09868363396891,"Bradyzoite"
"TGME49_316550",1.66533453693773e-16,1,-0.820234751463984,1.11397191636387,"Bradyzoite"
"TGME49_316560",0,1,-0.577350269189626,1.15470053837925,"Bradyzoite"
"TGME49_316580",-7.40148683083438e-17,1,-0.577350269189626,1.15470053837925,"Bradyzoite"
"TGME49_316690",-9.25185853854297e-17,1,-1.10948216067712,0.831845756146125,"Bradyzoite"
"TGME49_316890",0,1,-0.577350269189626,1.15470053837925,"Bradyzoite"
"TGME49_318120",4.81096644004234e-16,1,-0.930489221195114,1.05739523073553,"Bradyzoite"
"TGME49_318180",2.03540887847945e-16,1,-1.08595824108429,0.882862959472203,"Bradyzoite"
"TGME49_318240",7.03141248929266e-16,1,-0.956749246395685,1.0382613614235,"Bradyzoite"
"TGME49_318675",-2.40548322002117e-16,1,-0.948842383091254,1.0443103027219,"Bradyzoite"
"TGME49_318750",3.70074341541719e-17,1,-0.673266693849121,1.14905809372583,"Bradyzoite"
"TGME49_319390",9.25185853854297e-18,1,-0.963847114351078,1.03260409534429,"Bradyzoite"
"TGME49_319890",-7.40148683083438e-17,1,-0.577350269189626,1.15470053837925,"Bradyzoite"
"TGME49_319970",7.40148683083438e-17,1,-1.14977501218008,0.667153783920672,"Bradyzoite"
"TGME49_320190",-1.84574577843932e-15,1,-1.03083551341069,0.966010264652931,"Bradyzoite"
"TGME49_320270",5.9211894646675e-16,1,-0.871592454316409,1.09172682195008,"Bradyzoite"
"TGME49_320280",7.40148683083438e-17,1,-1.14173366217403,0.720309741571289,"Bradyzoite"
"TGME49_320290",-7.40148683083438e-17,1,-0.577350269189626,1.15470053837925,"Bradyzoite"
"TGME49_320500",7.40148683083438e-17,1,-0.577350269189626,1.15470053837925,"Bradyzoite"
"TGME49_320715",1.85037170770859e-16,1,-0.775419181282354,1.12868450248,"Bradyzoite"
"TGME49_321390",1.48029736616688e-16,1,-1.15193226468748,0.645169045425387,"Bradyzoite"
"TGME49_321470",1.04083408558608e-16,1,-1.01119472330631,0.988416089198084,"Bradyzoite"
"TGME49_321480",-3.70074341541719e-17,1,-1.13034940334355,0.769460456854719,"Bradyzoite"
"TGME49_321700",7.40148683083438e-17,1,-0.577350269189626,1.15470053837925,"Bradyzoite"
"TGME49_326300",-7.40148683083438e-17,1,-0.577350269189626,1.15470053837925,"Bradyzoite"
"TGME49_500003",-7.40148683083438e-17,1,-0.577350269189626,1.15470053837925,"Bradyzoite"
"TGME49_500009",-2.76399273838971e-16,1,-0.984220769664592,1.01506555252894,"Bradyzoite"
"TGME49_500012",-7.40148683083438e-17,1,-1.14358723378515,0.710199465911781,"Bradyzoite"
"TGME49_500022",0,1,-0.577350269189626,1.15470053837925,"Bradyzoite"
"TGME49_500027",-7.40148683083438e-17,1,-0.577350269189626,1.15470053837925,"Bradyzoite"
"TGME49_500030",-7.40148683083438e-17,1,-0.577350269189626,1.15470053837925,"Bradyzoite"
"TGME49_500031",-1.85037170770859e-16,1,-0.631572342809087,1.15294642001229,"Bradyzoite"
"TGME49_500037",-1.85037170770859e-17,1,-1.05973954742293,0.927002080028744,"Bradyzoite"
"TGME49_500038",-1.11022302462516e-16,1,-0.62107916732388,1.15356716383782,"Bradyzoite"
"TGME49_500045",-2.31296463463574e-16,1,-1.09990754587595,0.854342575120089,"Bradyzoite"
"TGME49_500046",0,1,-1.12164029273424,0.798396008538114,"Bradyzoite"
"TGME49_500047",3.0993726104119e-16,1,-1.04264906638693,0.951047924774425,"Bradyzoite"
"TGME49_500060",-4.9960036108132e-16,1,-1.14634020698981,0.69328711885457,"Bradyzoite"
"TGME49_500061",-1.89663100040131e-16,1,-1.04584281700936,0.946784123994548,"Bradyzoite"
"TGME49_500068",-2.22044604925031e-16,1,-1.14841384193064,0.67841457781731,"Bradyzoite"
"TGME49_500073",-9.3443771239284e-16,1,-1.08858517980627,0.877814297936676,"Bradyzoite"
"TGME49_500074",1.11022302462516e-16,1,-0.938782679384694,1.05164155280134,"Bradyzoite"
"TGME49_500079",2.03540887847945e-16,1,-1.11581589881463,0.815232957839003,"Bradyzoite"
"TGME49_500080",-1.85037170770859e-17,1,-0.75309086648575,1.13459596593302,"Bradyzoite"
"TGME49_500086",1.85037170770859e-17,1,-1.09163113621987,0.871785040340819,"Bradyzoite"
"TGME49_500097",-7.40148683083438e-17,1,-1.12817628324907,0.7771930581228,"Bradyzoite"
"TGME49_500099",1.85037170770859e-16,1,-1.10508108527763,0.842535105038212,"Bradyzoite"
"TGME49_500101",-3.88578058618805e-16,1,-0.762926629496684,1.13210118916158,"Bradyzoite"
"TGME49_500108",-2.83338167742878e-15,1,-0.97657837106026,1.02188173971634,"Bradyzoite"
"TGME49_500117",-1.85037170770859e-17,1,-1.11443107562341,0.819002728605359,"Bradyzoite"
"TGME49_500127",-7.40148683083438e-17,1,-1.14435532944023,0.705737239391143,"Bradyzoite"
"TGME49_500139",8.32667268468867e-17,1,-1.0912868614823,0.872476323007339,"Bradyzoite"
"TGME49_500143",-1.85037170770859e-17,1,-1.09713204427438,0.860376794994294,"Bradyzoite"
"TGME49_500145",2.77555756156289e-17,1,-0.884982525224295,1.08483419869514,"Bradyzoite"
"TGME49_500147",-7.40148683083438e-17,1,-0.577350269189626,1.15470053837925,"Bradyzoite"
"TGME49_500150",7.40148683083438e-17,1,-0.577350269189626,1.15470053837925,"Bradyzoite"
"TGME49_500155",0,1,-0.577350269189626,1.15470053837925,"Bradyzoite"
"TGME49_500156",-7.40148683083438e-17,1,-0.577350269189626,1.15470053837925,"Bradyzoite"
"TGME49_500158",-7.40148683083438e-17,1,-1.13180119647142,0.764066031017006,"Bradyzoite"
"TGME49_500159",-3.70074341541719e-17,1,-1.14823316519623,0.679806926327237,"Bradyzoite"
"TGME49_500169",-3.70074341541719e-17,1,-0.794457861895534,1.1229200010694,"Bradyzoite"
"TGME49_500172",-1.85037170770859e-17,1,-1.1158483507021,0.815143621887563,"Bradyzoite"
"TGME49_500191",-7.40148683083438e-17,1,-0.577350269189626,1.15470053837925,"Bradyzoite"
"TGME49_500196",-1.48029736616688e-16,1,-0.577350269189626,1.15470053837925,"Bradyzoite"
"TGME49_500197",7.40148683083438e-17,1,-1.07588480423084,0.901059347490983,"Bradyzoite"
"TGME49_500198",7.7715611723761e-16,1,-1.15356080092538,0.621200091212284,"Bradyzoite"
"TGME49_500199",-1.85037170770859e-16,1,-0.804078556296602,1.11973925479452,"Bradyzoite"
"TGME49_500204",-2.12792746386488e-16,1,-0.860489473477044,1.09707934856247,"Bradyzoite"
"TGME49_500205",9.25185853854297e-18,1,-1.05160900388503,0.938828565661509,"Bradyzoite"
"TGME49_500206",2.00765330286382e-15,1,-0.962907426086243,1.03336581346399,"Bradyzoite"
"TGME49_500211",1.11022302462516e-16,1,-1.1539883531496,0.612110563010648,"Bradyzoite"
"TGME49_500212",5.36607795235492e-16,1,-1.06769788069823,0.914658507802954,"Bradyzoite"
"TGME49_500220",3.70074341541719e-17,1,-0.909101063680838,1.07111475559231,"Bradyzoite"
"TGME49_500224",9.25185853854297e-17,1,-1.119399038514,0.805075443973434,"Bradyzoite"
"TGME49_500227",4.90348502542778e-16,1,-0.933099224602996,1.05561189914727,"Bradyzoite"
"TGME49_500230",-7.40148683083438e-17,1,-0.577350269189626,1.15470053837925,"Bradyzoite"
"TGME49_500232",-1.9798977272482e-15,1,-0.814079175763354,1.11623372328562,"Bradyzoite"
"TGME49_500238",1.85037170770859e-17,1,-1.13670905743606,0.74419362862793,"Bradyzoite"
"TGME49_500239",9.25185853854297e-17,1,-0.736544174960735,1.13841948165148,"Bradyzoite"
"TGME49_500242",0,1,-1.15425323434649,0.604958312243749,"Bradyzoite"
"TGME49_500243",-2.59052039079203e-16,1,-0.635823460731713,1.1526550412629,"Bradyzoite"
"TGME49_500256",-8.92804348969397e-16,1,-0.940940767199203,1.0501020377274,"Bradyzoite"
"TGME49_500258",3.70074341541719e-17,1,-1.13751403506952,0.740647578691832,"Bradyzoite"
"TGME49_500259",-1.85037170770859e-17,1,-1.14732722029635,0.686491741282626,"Bradyzoite"
"TGME49_500260",-5.73615229389664e-16,1,-1.10839975932979,0.834534465719223,"Bradyzoite"
"TGME49_500262",-9.25185853854297e-18,1,-1.08588518899959,0.883001438280541,"Bradyzoite"
"TGME49_500273",2.4980018054066e-16,1,-0.858853415484071,1.0978413305874,"Bradyzoite"
"TGME49_500277",5.55111512312578e-17,1,-1.14602245878512,0.695381131615599,"Bradyzoite"
"TGME49_500279",0,1,-1.15342680764634,0.623670294180976,"Bradyzoite"
"TGME49_500291",-2.77555756156289e-17,1,-0.944634496642376,1.04742528235906,"Bradyzoite"
"TGME49_500292",1.48029736616688e-16,1,-0.794231190917461,1.12299272798901,"Bradyzoite"
"TGME49_500296",-1.85037170770859e-17,1,-0.982531261835078,1.01659813480206,"Bradyzoite"
"TGME49_500297",-1.62832710278356e-15,1,-1.14991392796877,0.665915573788977,"Bradyzoite"
"TGME49_500298",7.40148683083438e-17,1,-0.577350269189626,1.15470053837925,"Bradyzoite"
"TGME49_500303",-9.25185853854297e-16,1,-1.10399100778553,0.845087453708039,"Bradyzoite"
"TGME49_500310",-5.18104078158406e-15,1,-0.619818878914264,1.15363239043458,"Bradyzoite"
"TGME49_500313",7.40148683083438e-17,1,-0.577350269189626,1.15470053837925,"Bradyzoite"
"TGME49_500316",3.97829917157348e-16,1,-1.06190436800953,0.92372353594087,"Bradyzoite"
"TGME49_500326",0,1,-0.577350269189626,1.15470053837925,"Bradyzoite"
"TGME49_500332",-9.25185853854297e-17,1,-0.670716040654684,1.14936354525108,"Bradyzoite"
"TGME49_500334",-1.29526019539602e-16,1,-1.12484909489033,0.788335780661441,"Bradyzoite"
"TGME49_500335",-1.85037170770859e-17,1,-1.14405958041863,0.707476301198943,"Bradyzoite"
"TGME49_500340",1.85037170770859e-16,1,-1.14845478570405,0.678096078677472,"Bradyzoite"
"TGME49_500341",-2.77555756156289e-17,1,-1.07690192435146,0.899299523203883,"Bradyzoite"
"TGME49_500342",-1.11022302462516e-16,1,-1.1089708541238,0.833120912109915,"Bradyzoite"
"TGME49_500343",3.70074341541719e-17,1,-1.15305007468375,0.629972618707702,"Bradyzoite"
"TGME49_500345",5.55111512312578e-17,1,-1.12404474403245,0.790916583519626,"Bradyzoite"
"TGME49_500347",7.21644966006352e-16,1,-0.764109425891786,1.13178972543197,"Bradyzoite"
"TGME49_500350",0,1,-0.577350269189626,1.15470053837925,"Bradyzoite"
"TGME49_500353",7.40148683083438e-17,1,-1.14481555069337,0.702975827212285,"Bradyzoite"
"TGME49_500358",-4.25585492772977e-16,1,-0.847779731630546,1.10282443186515,"Bradyzoite"
"TGME49_500363",-2.63677968348475e-16,1,-1.03375772666229,0.962422039605358,"Bradyzoite"
"TGME49_500366",1.11022302462516e-16,1,-1.15438848148676,0.60044129126632,"Bradyzoite"
"TGME49_500367",-9.25185853854297e-18,1,-0.9263922183476,1.06014509639026,"Bradyzoite"
"TGME49_500371",5.55111512312578e-17,1,-1.14583891190763,0.696571754633425,"Bradyzoite"
"TGME49_500373",3.23815048849004e-16,1,-1.06945739652306,0.911817093424502,"Bradyzoite"
"TGME49_500376",7.40148683083438e-17,1,-1.1088176608886,0.83350119181622,"Bradyzoite"
"TGME49_500379",2.22044604925031e-16,1,-0.903202620026233,1.07463322764119,"Bradyzoite"
"TGME49_500383",-4.07081775695891e-16,1,-0.980820379559192,1.01813505870376,"Bradyzoite"
"TGME49_500384",-1.85037170770859e-17,1,-0.889706032375383,1.08228331195825,"Bradyzoite"
"TGME49_500389",-1.78531957735946e-16,1,-1.00143265104664,0.998561164869147,"Bradyzoite"
"TGME49_500390",5.55111512312578e-17,1,-1.14271894376166,0.715043366859299,"Bradyzoite"
"TGME49_500391",1.61907524424502e-16,1,-0.970239854567867,1.02731543487884,"Bradyzoite"
"TGME49_500393",1.29526019539602e-16,1,-0.862664771136827,1.09605572612416,"Bradyzoite"
"TGME49_500394",3.51570624464633e-16,1,-0.895705093343137,1.07895023270708,"Bradyzoite"
"TGME49_500395",-7.40148683083438e-17,1,-0.577350269189626,1.15470053837925,"Bradyzoite"
"TGME49_500405",0,1,-0.577350269189626,1.15470053837925,"Bradyzoite"
"TGME49_500410",7.40148683083438e-17,1,-0.577350269189626,1.15470053837925,"Bradyzoite"
"TGME49_500411",-7.86407975776153e-17,1,-1.0553281509014,0.933511177739566,"Bradyzoite"
"TGME49_500412",0,1,-0.577350269189626,1.15470053837925,"Bradyzoite"
"TGME49_500413",7.40148683083438e-17,1,-0.577350269189626,1.15470053837925,"Bradyzoite"
"TGME49_500414",-1.48029736616688e-16,1,-1.11637676933024,0.813682380044319,"Bradyzoite"
"TGME49_500420",7.40148683083438e-17,1,-0.577350269189626,1.15470053837925,"Bradyzoite"
"TGME49_500421",-4.62592926927149e-17,1,-0.968281144794884,1.02895587915381,"Bradyzoite"
"TGME49_500423",2.96059473233375e-16,1,-0.729196258320256,1.13997198262619,"Bradyzoite"
"TGME49_500424",4.62592926927149e-16,1,-1.06332304055638,0.921543660887946,"Bradyzoite"
"TGME49_500426",0,1,-1.14158345101966,0.721092817550222,"Bradyzoite"
"TGME49_500430",0,1,-0.577350269189626,1.15470053837925,"Bradyzoite"
"TGME49_500434",-3.23815048849004e-17,1,-0.948265701662408,1.04474140254422,"Bradyzoite"
"TGME49_500437",0,1,-0.577350269189626,1.15470053837925,"Bradyzoite"
"TGME49_500438",1.85037170770859e-16,1,-1.1064590328241,0.839256274795714,"Bradyzoite"
"TGME49_500439",-6.12935628178472e-17,1,-0.987733628836978,1.01183081784769,"Bradyzoite"
"TGME49_500440",-9.25185853854297e-17,1,-1.13132380630707,0.765861388572873,"Bradyzoite"
"TGME49_201230",0,1,-0.577350269189626,1.15470053837925,"Tachyzoite"
"TGME49_201775",-7.40148683083438e-17,1,-0.577350269189626,1.15470053837925,"Tachyzoite"
"TGME49_202730",7.21644966006352e-16,1,-0.70726483294947,1.14409578820977,"Tachyzoite"
"TGME49_204050",-3.70074341541719e-17,1,-1.144871783515,0.702633624008808,"Tachyzoite"
"TGME49_205250",1.23049718562622e-15,1,-1.08650189810177,0.881829180876177,"Tachyzoite"
"TGME49_208030",1.49880108324396e-15,1,-1.10357317260207,0.846056342706199,"Tachyzoite"
"TGME49_208830",-3.14563190310461e-16,1,-1.15078257344584,0.657699254077386,"Tachyzoite"
"TGME49_210370",-1.29988612466529e-15,1,-1.04166101800106,0.952347302048901,"Tachyzoite"
"TGME49_210420",-3.70074341541719e-17,1,-0.894879179801228,1.07941541235643,"Tachyzoite"
"TGME49_211290",-8.04911692853238e-16,1,-1.08725826765291,0.880381408600207,"Tachyzoite"
"TGME49_212770",-5.36607795235492e-16,1,-1.1409978880365,0.724098633543286,"Tachyzoite"
"TGME49_215360",1.85037170770859e-17,1,-0.937277023975827,1.05270514795102,"Tachyzoite"
"TGME49_215775",0,1,-1.09447588661407,0.865972786421597,"Tachyzoite"
"TGME49_215785",-6.93889390390723e-18,1,-1.00649605315096,0.993374817562926,"Tachyzoite"
"TGME49_216000",-8.04911692853238e-16,1,-0.91056125625717,1.07022668182153,"Tachyzoite"
"TGME49_216415",-7.40148683083438e-17,1,-0.577350269189626,1.15470053837925,"Tachyzoite"
"TGME49_220270",-4.9960036108132e-16,1,-1.14678416109899,0.69028761463597,"Tachyzoite"
"TGME49_225320",-9.62193288008469e-16,1,-0.68305176172542,1.14780140331322,"Tachyzoite"
"TGME49_226690",-7.40148683083438e-17,1,-1.15454372579802,0.593751817853811,"Tachyzoite"
"TGME49_226710",-1.4432899320127e-15,1,-0.708631445758821,1.14386059529726,"Tachyzoite"
"TGME49_227810",7.95659834314696e-16,1,-0.663191936594435,1.15021208188593,"Tachyzoite"
"TGME49_230160",-1.75785312232316e-15,1,-1.12498379473684,0.787899519654417,"Tachyzoite"
"TGME49_230340",-7.40148683083438e-17,1,-1.13586240522641,0.747826859300516,"Tachyzoite"
"TGME49_231630",8.78926561161582e-16,1,-1.06638990982737,0.916743413604086,"Tachyzoite"
"TGME49_231640",1.85037170770859e-17,1,-0.70379654695028,1.14467996812736,"Tachyzoite"
"TGME49_233030",2.59052039079203e-16,1,-1.1299847467572,0.77078560473486,"Tachyzoite"
"TGME49_233140",-6.56881956236551e-16,1,-0.951144294966382,1.04257602543702,"Tachyzoite"
"TGME49_233460",-1.4432899320127e-15,1,-1.03928884668507,0.955429943830553,"Tachyzoite"
"TGME49_235370",4.07081775695891e-16,1,-1.11968630748849,0.804234089781353,"Tachyzoite"
"TGME49_236060",2.59052039079203e-16,1,-1.15469322420148,0.580905893966406,"Tachyzoite"
"TGME49_243200",1.85037170770859e-17,1,-1.10921963815522,0.832501606916151,"Tachyzoite"
"TGME49_244280",-5.50485583043307e-16,1,-0.947659642292523,1.04519301717616,"Tachyzoite"
"TGME49_247520",1.53118258812886e-15,1,-1.04841985073841,0.943270616001532,"Tachyzoite"
"TGME49_248445",-3.33066907387547e-16,1,-1.15273082485453,0.634749777394623,"Tachyzoite"
"TGME49_249300",4.44089209850063e-16,1,-1.14283054101415,0.71443193350119,"Tachyzoite"
"TGME49_250950",-1.07321559047098e-15,1,-0.607707480531026,1.15415881115476,"Tachyzoite"
"TGME49_255060",0,1,-1.1442879732083,0.706135687011767,"Tachyzoite"
"TGME49_255450",5.08852219619863e-16,1,-0.951830619500838,1.04205473942785,"Tachyzoite"
"TGME49_256030",-2.96059473233375e-16,1,-1.14994641057292,0.665623299648476,"Tachyzoite"
"TGME49_258580",-5.94431911101386e-16,1,-1.02362695563269,0.974567075075847,"Tachyzoite"
"TGME49_261740",-9.25185853854297e-16,1,-1.09923245186016,0.85582859110027,"Tachyzoite"
"TGME49_262730",5.73615229389664e-16,1,-1.13430319158346,0.754280434223111,"Tachyzoite"
"TGME49_262950",8.99743242873304e-16,1,-0.996573478210487,1.00339165582611,"Tachyzoite"
"TGME49_263520",-3.40005801291454e-16,1,-0.982298408223786,1.01680819804309,"Tachyzoite"
"TGME49_264990",2.96059473233375e-16,1,-1.15456708524371,0.592486642762456,"Tachyzoite"
"TGME49_265070",2.03540887847945e-16,1,-1.14923831750111,0.671770932745714,"Tachyzoite"
"TGME49_268182",7.40148683083438e-17,1,-0.577350269189626,1.15470053837925,"Tachyzoite"
"TGME49_269340",-9.25185853854297e-18,1,-0.977325501673038,1.02122837856202,"Tachyzoite"
"TGME49_271050",-4.62592926927149e-18,1,-0.965429216765753,1.03131265847174,"Tachyzoite"
"TGME49_275470",-6.10622663543836e-16,1,-1.1432336311039,0.712196503041825,"Tachyzoite"
"TGME49_276930",-8.51170985545953e-16,1,-0.586511837945586,1.1546518198002,"Tachyzoite"
"TGME49_280670",-2.77555756156289e-17,1,-0.885307633741197,1.0846606667014,"Tachyzoite"
"TGME49_285480",-5.55111512312578e-17,1,-1.11736211930624,0.810923841025761,"Tachyzoite"
"TGME49_285860",0,1,-1.07709544001001,0.898962841541599,"Tachyzoite"
"TGME49_285870",0,1,-0.778158480492626,1.12789723842181,"Tachyzoite"
"TGME49_286580",1.09171930754807e-15,1,-0.686801036438186,1.14728375119549,"Tachyzoite"
"TGME49_286590",-3.05311331771918e-16,1,-1.09174812035329,0.871549560143709,"Tachyzoite"
"TGME49_289370",0,1,-1.12975868353553,0.771601347688888,"Tachyzoite"
"TGME49_289910",-2.77555756156289e-17,1,-0.878705599748454,1.08812652909577,"Tachyzoite"
"TGME49_291890",1.09171930754807e-15,1,-1.14402737082505,0.707664085715461,"Tachyzoite"
"TGME49_291960",3.33992093241401e-15,1,-1.08953553667254,0.87595387273341,"Tachyzoite"
"TGME49_294610",4.07081775695891e-16,1,-1.15143115607508,0.650913447785993,"Tachyzoite"
"TGME49_294980",-9.94574792893369e-17,1,-1.02534408317079,0.972565652467291,"Tachyzoite"
"TGME49_294990",4.16333634234434e-17,1,-1.04354950616348,0.949855728061316,"Tachyzoite"
"TGME49_295105",2.27595720048157e-15,1,-1.12720250385085,0.780536464567988,"Tachyzoite"
"TGME49_295125",-1.38777878078145e-17,1,-1.04416522520669,0.949036049001034,"Tachyzoite"
"TGME49_297070",-3.93203987888076e-16,1,-0.979132341611201,1.01963682006683,"Tachyzoite"
"TGME49_300100",0,1,-1.14722609638771,0.687209759525057,"Tachyzoite"
"TGME49_310235",2.77555756156289e-17,1,-1.08931939644505,0.876378614470075,"Tachyzoite"
"TGME49_312950",-1.46179364908979e-15,1,-0.86739602199726,1.09378747900088,"Tachyzoite"
"TGME49_313380",1.85037170770859e-17,1,-1.12549122771477,0.786245328069336,"Tachyzoite"
"TGME49_313780",9.99200722162641e-16,1,-0.583005204050381,1.15468201503133,"Tachyzoite"
"TGME49_314440",-1.11022302462516e-16,1,-1.15225278702806,0.641204316725737,"Tachyzoite"
"TGME49_315350",-3.70074341541719e-17,1,-1.14352467614131,0.710555300038976,"Tachyzoite"
"TGME49_319560",0,1,-0.695338040194767,1.14602906255541,"Tachyzoite"
"TGME49_320030",-3.51570624464633e-16,1,-1.14197810394992,0.719024546280269,"Tachyzoite"
"TGME49_322000",-5.55111512312578e-16,1,-0.615698004995034,1.15383184805873,"Tachyzoite"
"TGME49_322600",1.85037170770859e-17,1,-1.14933760478381,0.670935632984575,"Tachyzoite"
"TGME49_323400",7.40148683083438e-17,1,-0.577350269189626,1.15470053837925,"Tachyzoite"
"TGME49_330000",-9.94574792893369e-17,1,-0.979785284459889,1.01905764226953,"Tachyzoite"
"TGME49_500064",-1.11022302462516e-16,1,-1.1492436953774,0.671725897431613,"Tachyzoite"
"TGME49_500077",-3.70074341541719e-17,1,-1.11917446116769,0.805730266444118,"Tachyzoite"
"TGME49_500149",-1.01770443923973e-15,1,-1.07446829757645,0.903483255445661,"Tachyzoite"
"TGME49_500167",-1.50342701251323e-17,1,-1.00310512821264,0.996865673477679,"Tachyzoite"
